:020000040000fa
:10000000f87f0020dff9000023f300007ff80000f4
:1000100000000000000000000000000000000000e0
:100020000000000000000000000000006beb00007a
:1000300000000000000000006beb00006beb000014
:100040006beb00006beb00006beb00006beb000058
:100050006beb00006beb00006beb00006beb000048
:100060006beb00006beb00006beb00006beb000038
:100070006beb00006beb00006beb00006beb000028
:100080006beb00006beb00006beb00006beb000018
:100090006beb00006beb00006beb00006beb000008
:1000a0006beb00006beb00006beb00006beb0000f8
:1000b0006beb00006beb00006beb00006beb0000e8
:1000c0006beb00006beb00006beb000051d5000008
:1000d00051d5000051d5000051d500006beb000058
:1000e0006beb00006beb00006beb00006beb0000b8
:1000f0006beb00006beb00006beb00006beb0000a8
:100100006beb00006beb00006beb00006beb000097
:100110006beb00006beb00006beb00006beb000087
:100120006beb00006beb00006beb00006beb000077
:100130006beb00006beb00006beb00006beb000067
:100140006beb00006beb00006beb00006beb000057
:100150006beb00006beb00006beb0000f87f002006
:10016000dff9000023f300007ff80000000000002a
:10017000000000000000000000000000000000007f
:1001800000000000000000006beb00000000000019
:10019000000000006beb00006beb00006beb00005d
:1001a0006beb00006beb00006beb00006beb0000f7
:1001b0006beb00006beb00006beb00006beb0000e7
:1001c0006beb00006beb00006beb00006beb0000d7
:1001d0006beb00006beb00006beb00006beb0000c7
:1001e0006beb00006beb00006beb00006beb0000b7
:1001f0006beb00006beb00006beb00006beb0000a7
:100200006beb00006beb00006beb00006beb000096
:100210006beb00006beb00006beb00006beb000086
:100220006beb00006beb000027fb000027fb0000de
:1002300027fb000027fb00006beb00006beb0000ce
:100240006beb00006beb00006beb00006beb000056
:100250006beb00006beb00006beb00006beb000046
:100260006beb00006beb00006beb00006beb000036
:100270006beb00006beb00006beb00006beb000026
:100280006beb00006beb00006beb00006beb000016
:100290006beb00006beb00006beb00006beb000006
:1002a0006beb00006beb00006beb00006beb0000f6
:0802b0006beb00006beb00009a
:020000040000fa
:1002b800401801000200030084468ef3008874474a
:1002c800f8b5c046f8bc08bc9e46704765fc0000ff
:1002d800f8b5c046f8bc08bc9e46704741fc000013
:020000040000fa
:0802e80060cf000001000000de
:020000040000fa
:1002f000ffffffffffffffffffffffffffffffff0e
:10030000fffffffffffffffffffffffffffffffffd
:10031000ffffffffffffffffffffffffffffffffed
:10032000ffffffffffffffffffffffffffffffffdd
:10033000ffffffffffffffffffffffffffffffffcd
:10034000ffffffffffffffffffffffffffffffffbd
:10035000ffffffffffffffffffffffffffffffffad
:10036000ffffffffffffffffffffffffffffffff9d
:10037000ffffffffffffffffffffffffffffffff8d
:10038000ffffffffffffffffffffffffffffffff7d
:10039000ffffffffffffffffffffffffffffffff6d
:1003a000ffffffffffffffffffffffffffffffff5d
:1003b000ffffffffffffffffffffffffffffffff4d
:1003c000ffffffffffffffffffffffffffffffff3d
:1003d000ffffffffffffffffffffffffffffffff2d
:1003e000ffffffffffffffffffffffffffffffff1d
:1003f000ffffffffffffffffffffffffffffffff0d
:10040000fffffffffffffffffffffffffffffffffc
:10041000ffffffffffffffffffffffffffffffffec
:10042000ffffffffffffffffffffffffffffffffdc
:10043000ffffffffffffffffffffffffffffffffcc
:10044000ffffffffffffffffffffffffffffffffbc
:10045000ffffffffffffffffffffffffffffffffac
:10046000ffffffffffffffffffffffffffffffff9c
:10047000ffffffffffffffffffffffffffffffff8c
:10048000ffffffffffffffffffffffffffffffff7c
:10049000ffffffffffffffffffffffffffffffff6c
:1004a000ffffffffffffffffffffffffffffffff5c
:1004b000ffffffffffffffffffffffffffffffff4c
:1004c000ffffffffffffffffffffffffffffffff3c
:1004d000ffffffffffffffffffffffffffffffff2c
:1004e000ffffffffffffffffffffffffffffffff1c
:1004f000ffffffffffffffffffffffffffffffff0c
:10050000fffffffffffffffffffffffffffffffffb
:10051000ffffffffffffffffffffffffffffffffeb
:10052000ffffffffffffffffffffffffffffffffdb
:10053000ffffffffffffffffffffffffffffffffcb
:10054000ffffffffffffffffffffffffffffffffbb
:10055000ffffffffffffffffffffffffffffffffab
:10056000ffffffffffffffffffffffffffffffff9b
:10057000ffffffffffffffffffffffffffffffff8b
:10058000ffffffffffffffffffffffffffffffff7b
:10059000ffffffffffffffffffffffffffffffff6b
:1005a000ffffffffffffffffffffffffffffffff5b
:1005b000ffffffffffffffffffffffffffffffff4b
:1005c000ffffffffffffffffffffffffffffffff3b
:1005d000ffffffffffffffffffffffffffffffff2b
:1005e000ffffffffffffffffffffffffffffffff1b
:1005f000ffffffffffffffffffffffffffffffff0b
:10060000fffffffffffffffffffffffffffffffffa
:10061000ffffffffffffffffffffffffffffffffea
:10062000ffffffffffffffffffffffffffffffffda
:10063000ffffffffffffffffffffffffffffffffca
:10064000ffffffffffffffffffffffffffffffffba
:10065000ffffffffffffffffffffffffffffffffaa
:10066000ffffffffffffffffffffffffffffffff9a
:10067000ffffffffffffffffffffffffffffffff8a
:10068000ffffffffffffffffffffffffffffffff7a
:10069000ffffffffffffffffffffffffffffffff6a
:1006a000ffffffffffffffffffffffffffffffff5a
:1006b000ffffffffffffffffffffffffffffffff4a
:1006c000ffffffffffffffffffffffffffffffff3a
:1006d000ffffffffffffffffffffffffffffffff2a
:1006e000ffffffffffffffffffffffffffffffff1a
:1006f000ffffffffffffffffffffffffffffffff0a
:10070000fffffffffffffffffffffffffffffffff9
:10071000ffffffffffffffffffffffffffffffffe9
:10072000ffffffffffffffffffffffffffffffffd9
:10073000ffffffffffffffffffffffffffffffffc9
:10074000ffffffffffffffffffffffffffffffffb9
:10075000ffffffffffffffffffffffffffffffffa9
:10076000ffffffffffffffffffffffffffffffff99
:10077000ffffffffffffffffffffffffffffffff89
:10078000ffffffffffffffffffffffffffffffff79
:10079000ffffffffffffffffffffffffffffffff69
:1007a000ffffffffffffffffffffffffffffffff59
:1007b000ffffffffffffffffffffffffffffffff49
:1007c000ffffffffffffffffffffffffffffffff39
:1007d000ffffffffffffffffffffffffffffffff29
:1007e000ffffffffffffffffffffffffffffffff19
:1007f000ffffffffffffffffffffffffffffffff09
:10080000fffffffffffffffffffffffffffffffff8
:10081000ffffffffffffffffffffffffffffffffe8
:10082000ffffffffffffffffffffffffffffffffd8
:10083000ffffffffffffffffffffffffffffffffc8
:10084000ffffffffffffffffffffffffffffffffb8
:10085000ffffffffffffffffffffffffffffffffa8
:10086000ffffffffffffffffffffffffffffffff98
:10087000ffffffffffffffffffffffffffffffff88
:10088000ffffffffffffffffffffffffffffffff78
:10089000ffffffffffffffffffffffffffffffff68
:1008a000ffffffffffffffffffffffffffffffff58
:1008b000ffffffffffffffffffffffffffffffff48
:1008c000ffffffffffffffffffffffffffffffff38
:1008d000ffffffffffffffffffffffffffffffff28
:1008e000ffffffffffffffffffffffffffffffff18
:1008f000ffffffffffffffffffffffffffffffff08
:10090000fffffffffffffffffffffffffffffffff7
:10091000ffffffffffffffffffffffffffffffffe7
:10092000ffffffffffffffffffffffffffffffffd7
:10093000ffffffffffffffffffffffffffffffffc7
:10094000ffffffffffffffffffffffffffffffffb7
:10095000ffffffffffffffffffffffffffffffffa7
:10096000ffffffffffffffffffffffffffffffff97
:10097000ffffffffffffffffffffffffffffffff87
:10098000ffffffffffffffffffffffffffffffff77
:10099000ffffffffffffffffffffffffffffffff67
:1009a000ffffffffffffffffffffffffffffffff57
:1009b000ffffffffffffffffffffffffffffffff47
:1009c000ffffffffffffffffffffffffffffffff37
:1009d000ffffffffffffffffffffffffffffffff27
:1009e000ffffffffffffffffffffffffffffffff17
:1009f000ffffffffffffffffffffffffffffffff07
:100a0000fffffffffffffffffffffffffffffffff6
:100a1000ffffffffffffffffffffffffffffffffe6
:100a2000ffffffffffffffffffffffffffffffffd6
:100a3000ffffffffffffffffffffffffffffffffc6
:100a4000ffffffffffffffffffffffffffffffffb6
:100a5000ffffffffffffffffffffffffffffffffa6
:100a6000ffffffffffffffffffffffffffffffff96
:100a7000ffffffffffffffffffffffffffffffff86
:100a8000ffffffffffffffffffffffffffffffff76
:100a9000ffffffffffffffffffffffffffffffff66
:100aa000ffffffffffffffffffffffffffffffff56
:100ab000ffffffffffffffffffffffffffffffff46
:100ac000ffffffffffffffffffffffffffffffff36
:100ad000ffffffffffffffffffffffffffffffff26
:100ae000ffffffffffffffffffffffffffffffff16
:100af000ffffffffffffffffffffffffffffffff06
:100b0000fffffffffffffffffffffffffffffffff5
:100b1000ffffffffffffffffffffffffffffffffe5
:100b2000ffffffffffffffffffffffffffffffffd5
:100b3000ffffffffffffffffffffffffffffffffc5
:100b4000ffffffffffffffffffffffffffffffffb5
:100b5000ffffffffffffffffffffffffffffffffa5
:100b6000ffffffffffffffffffffffffffffffff95
:100b7000ffffffffffffffffffffffffffffffff85
:100b8000ffffffffffffffffffffffffffffffff75
:100b9000ffffffffffffffffffffffffffffffff65
:100ba000ffffffffffffffffffffffffffffffff55
:100bb000ffffffffffffffffffffffffffffffff45
:100bc000ffffffffffffffffffffffffffffffff35
:100bd000ffffffffffffffffffffffffffffffff25
:100be000ffffffffffffffffffffffffffffffff15
:100bf000ffffffffffffffffffffffffffffffff05
:100c0000fffffffffffffffffffffffffffffffff4
:100c1000ffffffffffffffffffffffffffffffffe4
:100c2000ffffffffffffffffffffffffffffffffd4
:100c3000ffffffffffffffffffffffffffffffffc4
:100c4000ffffffffffffffffffffffffffffffffb4
:100c5000ffffffffffffffffffffffffffffffffa4
:100c6000ffffffffffffffffffffffffffffffff94
:100c7000ffffffffffffffffffffffffffffffff84
:100c8000ffffffffffffffffffffffffffffffff74
:100c9000ffffffffffffffffffffffffffffffff64
:100ca000ffffffffffffffffffffffffffffffff54
:100cb000ffffffffffffffffffffffffffffffff44
:100cc000ffffffffffffffffffffffffffffffff34
:100cd000ffffffffffffffffffffffffffffffff24
:100ce000ffffffffffffffffffffffffffffffff14
:100cf000ffffffffffffffffffffffffffffffff04
:100d0000fffffffffffffffffffffffffffffffff3
:100d1000ffffffffffffffffffffffffffffffffe3
:100d2000ffffffffffffffffffffffffffffffffd3
:100d3000ffffffffffffffffffffffffffffffffc3
:100d4000ffffffffffffffffffffffffffffffffb3
:100d5000ffffffffffffffffffffffffffffffffa3
:100d6000ffffffffffffffffffffffffffffffff93
:100d7000ffffffffffffffffffffffffffffffff83
:100d8000ffffffffffffffffffffffffffffffff73
:100d9000ffffffffffffffffffffffffffffffff63
:100da000ffffffffffffffffffffffffffffffff53
:100db000ffffffffffffffffffffffffffffffff43
:100dc000ffffffffffffffffffffffffffffffff33
:100dd000ffffffffffffffffffffffffffffffff23
:100de000ffffffffffffffffffffffffffffffff13
:100df000ffffffffffffffffffffffffffffffff03
:100e0000fffffffffffffffffffffffffffffffff2
:100e1000ffffffffffffffffffffffffffffffffe2
:100e2000ffffffffffffffffffffffffffffffffd2
:100e3000ffffffffffffffffffffffffffffffffc2
:100e4000ffffffffffffffffffffffffffffffffb2
:100e5000ffffffffffffffffffffffffffffffffa2
:100e6000ffffffffffffffffffffffffffffffff92
:100e7000ffffffffffffffffffffffffffffffff82
:100e8000ffffffffffffffffffffffffffffffff72
:100e9000ffffffffffffffffffffffffffffffff62
:100ea000ffffffffffffffffffffffffffffffff52
:100eb000ffffffffffffffffffffffffffffffff42
:100ec000ffffffffffffffffffffffffffffffff32
:100ed000ffffffffffffffffffffffffffffffff22
:100ee000ffffffffffffffffffffffffffffffff12
:100ef000ffffffffffffffffffffffffffffffff02
:100f0000fffffffffffffffffffffffffffffffff1
:100f1000ffffffffffffffffffffffffffffffffe1
:100f2000ffffffffffffffffffffffffffffffffd1
:100f3000ffffffffffffffffffffffffffffffffc1
:100f4000ffffffffffffffffffffffffffffffffb1
:100f5000ffffffffffffffffffffffffffffffffa1
:100f6000ffffffffffffffffffffffffffffffff91
:100f7000ffffffffffffffffffffffffffffffff81
:100f8000ffffffffffffffffffffffffffffffff71
:100f9000ffffffffffffffffffffffffffffffff61
:100fa000ffffffffffffffffffffffffffffffff51
:100fb000ffffffffffffffffffffffffffffffff41
:100fc000ffffffffffffffffffffffffffffffff31
:100fd000ffffffffffffffffffffffffffffffff21
:100fe000ffffffffffffffffffffffffffffffff11
:100ff000ffffffffffffffffffffffffffffffff01
:10100000fffffffffffffffffffffffffffffffff0
:10101000ffffffffffffffffffffffffffffffffe0
:10102000ffffffffffffffffffffffffffffffffd0
:10103000ffffffffffffffffffffffffffffffffc0
:10104000ffffffffffffffffffffffffffffffffb0
:10105000ffffffffffffffffffffffffffffffffa0
:10106000ffffffffffffffffffffffffffffffff90
:10107000ffffffffffffffffffffffffffffffff80
:10108000ffffffffffffffffffffffffffffffff70
:10109000ffffffffffffffffffffffffffffffff60
:1010a000ffffffffffffffffffffffffffffffff50
:1010b000ffffffffffffffffffffffffffffffff40
:1010c000ffffffffffffffffffffffffffffffff30
:1010d000ffffffffffffffffffffffffffffffff20
:1010e000ffffffffffffffffffffffffffffffff10
:1010f000ffffffffffffffffffffffffffffffff00
:10110000ffffffffffffffffffffffffffffffffef
:10111000ffffffffffffffffffffffffffffffffdf
:10112000ffffffffffffffffffffffffffffffffcf
:10113000ffffffffffffffffffffffffffffffffbf
:10114000ffffffffffffffffffffffffffffffffaf
:10115000ffffffffffffffffffffffffffffffff9f
:10116000ffffffffffffffffffffffffffffffff8f
:10117000ffffffffffffffffffffffffffffffff7f
:10118000ffffffffffffffffffffffffffffffff6f
:10119000ffffffffffffffffffffffffffffffff5f
:1011a000ffffffffffffffffffffffffffffffff4f
:1011b000ffffffffffffffffffffffffffffffff3f
:1011c000ffffffffffffffffffffffffffffffff2f
:1011d000ffffffffffffffffffffffffffffffff1f
:1011e000ffffffffffffffffffffffffffffffff0f
:1011f000ffffffffffffffffffffffffffffffffff
:10120000ffffffffffffffffffffffffffffffffee
:10121000ffffffffffffffffffffffffffffffffde
:10122000ffffffffffffffffffffffffffffffffce
:10123000ffffffffffffffffffffffffffffffffbe
:10124000ffffffffffffffffffffffffffffffffae
:10125000ffffffffffffffffffffffffffffffff9e
:10126000ffffffffffffffffffffffffffffffff8e
:10127000ffffffffffffffffffffffffffffffff7e
:10128000ffffffffffffffffffffffffffffffff6e
:10129000ffffffffffffffffffffffffffffffff5e
:1012a000ffffffffffffffffffffffffffffffff4e
:1012b000ffffffffffffffffffffffffffffffff3e
:1012c000ffffffffffffffffffffffffffffffff2e
:1012d000ffffffffffffffffffffffffffffffff1e
:1012e000ffffffffffffffffffffffffffffffff0e
:1012f000fffffffffffffffffffffffffffffffffe
:10130000ffffffffffffffffffffffffffffffffed
:10131000ffffffffffffffffffffffffffffffffdd
:10132000ffffffffffffffffffffffffffffffffcd
:10133000ffffffffffffffffffffffffffffffffbd
:10134000ffffffffffffffffffffffffffffffffad
:10135000ffffffffffffffffffffffffffffffff9d
:10136000ffffffffffffffffffffffffffffffff8d
:10137000ffffffffffffffffffffffffffffffff7d
:10138000ffffffffffffffffffffffffffffffff6d
:10139000ffffffffffffffffffffffffffffffff5d
:1013a000ffffffffffffffffffffffffffffffff4d
:1013b000ffffffffffffffffffffffffffffffff3d
:1013c000ffffffffffffffffffffffffffffffff2d
:1013d000ffffffffffffffffffffffffffffffff1d
:1013e000ffffffffffffffffffffffffffffffff0d
:1013f000fffffffffffffffffffffffffffffffffd
:10140000ffffffffffffffffffffffffffffffffec
:10141000ffffffffffffffffffffffffffffffffdc
:10142000ffffffffffffffffffffffffffffffffcc
:10143000ffffffffffffffffffffffffffffffffbc
:10144000ffffffffffffffffffffffffffffffffac
:10145000ffffffffffffffffffffffffffffffff9c
:10146000ffffffffffffffffffffffffffffffff8c
:10147000ffffffffffffffffffffffffffffffff7c
:10148000ffffffffffffffffffffffffffffffff6c
:10149000ffffffffffffffffffffffffffffffff5c
:1014a000ffffffffffffffffffffffffffffffff4c
:1014b000ffffffffffffffffffffffffffffffff3c
:1014c000ffffffffffffffffffffffffffffffff2c
:1014d000ffffffffffffffffffffffffffffffff1c
:1014e000ffffffffffffffffffffffffffffffff0c
:1014f000fffffffffffffffffffffffffffffffffc
:10150000ffffffffffffffffffffffffffffffffeb
:10151000ffffffffffffffffffffffffffffffffdb
:10152000ffffffffffffffffffffffffffffffffcb
:10153000ffffffffffffffffffffffffffffffffbb
:10154000ffffffffffffffffffffffffffffffffab
:10155000ffffffffffffffffffffffffffffffff9b
:10156000ffffffffffffffffffffffffffffffff8b
:10157000ffffffffffffffffffffffffffffffff7b
:10158000ffffffffffffffffffffffffffffffff6b
:10159000ffffffffffffffffffffffffffffffff5b
:1015a000ffffffffffffffffffffffffffffffff4b
:1015b000ffffffffffffffffffffffffffffffff3b
:1015c000ffffffffffffffffffffffffffffffff2b
:1015d000ffffffffffffffffffffffffffffffff1b
:1015e000ffffffffffffffffffffffffffffffff0b
:1015f000fffffffffffffffffffffffffffffffffb
:10160000ffffffffffffffffffffffffffffffffea
:10161000ffffffffffffffffffffffffffffffffda
:10162000ffffffffffffffffffffffffffffffffca
:10163000ffffffffffffffffffffffffffffffffba
:10164000ffffffffffffffffffffffffffffffffaa
:10165000ffffffffffffffffffffffffffffffff9a
:10166000ffffffffffffffffffffffffffffffff8a
:10167000ffffffffffffffffffffffffffffffff7a
:10168000ffffffffffffffffffffffffffffffff6a
:10169000ffffffffffffffffffffffffffffffff5a
:1016a000ffffffffffffffffffffffffffffffff4a
:1016b000ffffffffffffffffffffffffffffffff3a
:1016c000ffffffffffffffffffffffffffffffff2a
:1016d000ffffffffffffffffffffffffffffffff1a
:1016e000ffffffffffffffffffffffffffffffff0a
:1016f000fffffffffffffffffffffffffffffffffa
:10170000ffffffffffffffffffffffffffffffffe9
:10171000ffffffffffffffffffffffffffffffffd9
:10172000ffffffffffffffffffffffffffffffffc9
:10173000ffffffffffffffffffffffffffffffffb9
:10174000ffffffffffffffffffffffffffffffffa9
:10175000ffffffffffffffffffffffffffffffff99
:10176000ffffffffffffffffffffffffffffffff89
:10177000ffffffffffffffffffffffffffffffff79
:10178000ffffffffffffffffffffffffffffffff69
:10179000ffffffffffffffffffffffffffffffff59
:1017a000ffffffffffffffffffffffffffffffff49
:1017b000ffffffffffffffffffffffffffffffff39
:1017c000ffffffffffffffffffffffffffffffff29
:1017d000ffffffffffffffffffffffffffffffff19
:1017e000ffffffffffffffffffffffffffffffff09
:1017f000fffffffffffffffffffffffffffffffff9
:10180000ffffffffffffffffffffffffffffffffe8
:10181000ffffffffffffffffffffffffffffffffd8
:10182000ffffffffffffffffffffffffffffffffc8
:10183000ffffffffffffffffffffffffffffffffb8
:10184000ffffffffffffffffffffffffffffffffa8
:10185000ffffffffffffffffffffffffffffffff98
:10186000ffffffffffffffffffffffffffffffff88
:10187000ffffffffffffffffffffffffffffffff78
:10188000ffffffffffffffffffffffffffffffff68
:10189000ffffffffffffffffffffffffffffffff58
:1018a000ffffffffffffffffffffffffffffffff48
:1018b000ffffffffffffffffffffffffffffffff38
:1018c000ffffffffffffffffffffffffffffffff28
:1018d000ffffffffffffffffffffffffffffffff18
:1018e000ffffffffffffffffffffffffffffffff08
:1018f000fffffffffffffffffffffffffffffffff8
:10190000ffffffffffffffffffffffffffffffffe7
:10191000ffffffffffffffffffffffffffffffffd7
:10192000ffffffffffffffffffffffffffffffffc7
:10193000ffffffffffffffffffffffffffffffffb7
:10194000ffffffffffffffffffffffffffffffffa7
:10195000ffffffffffffffffffffffffffffffff97
:10196000ffffffffffffffffffffffffffffffff87
:10197000ffffffffffffffffffffffffffffffff77
:10198000ffffffffffffffffffffffffffffffff67
:10199000ffffffffffffffffffffffffffffffff57
:1019a000ffffffffffffffffffffffffffffffff47
:1019b000ffffffffffffffffffffffffffffffff37
:1019c000ffffffffffffffffffffffffffffffff27
:1019d000ffffffffffffffffffffffffffffffff17
:1019e000ffffffffffffffffffffffffffffffff07
:1019f000fffffffffffffffffffffffffffffffff7
:101a0000ffffffffffffffffffffffffffffffffe6
:101a1000ffffffffffffffffffffffffffffffffd6
:101a2000ffffffffffffffffffffffffffffffffc6
:101a3000ffffffffffffffffffffffffffffffffb6
:101a4000ffffffffffffffffffffffffffffffffa6
:101a5000ffffffffffffffffffffffffffffffff96
:101a6000ffffffffffffffffffffffffffffffff86
:101a7000ffffffffffffffffffffffffffffffff76
:101a8000ffffffffffffffffffffffffffffffff66
:101a9000ffffffffffffffffffffffffffffffff56
:101aa000ffffffffffffffffffffffffffffffff46
:101ab000ffffffffffffffffffffffffffffffff36
:101ac000ffffffffffffffffffffffffffffffff26
:101ad000ffffffffffffffffffffffffffffffff16
:101ae000ffffffffffffffffffffffffffffffff06
:101af000fffffffffffffffffffffffffffffffff6
:101b0000ffffffffffffffffffffffffffffffffe5
:101b1000ffffffffffffffffffffffffffffffffd5
:101b2000ffffffffffffffffffffffffffffffffc5
:101b3000ffffffffffffffffffffffffffffffffb5
:101b4000ffffffffffffffffffffffffffffffffa5
:101b5000ffffffffffffffffffffffffffffffff95
:101b6000ffffffffffffffffffffffffffffffff85
:101b7000ffffffffffffffffffffffffffffffff75
:101b8000ffffffffffffffffffffffffffffffff65
:101b9000ffffffffffffffffffffffffffffffff55
:101ba000ffffffffffffffffffffffffffffffff45
:101bb000ffffffffffffffffffffffffffffffff35
:101bc000ffffffffffffffffffffffffffffffff25
:101bd000ffffffffffffffffffffffffffffffff15
:101be000ffffffffffffffffffffffffffffffff05
:101bf000fffffffffffffffffffffffffffffffff5
:101c0000ffffffffffffffffffffffffffffffffe4
:101c1000ffffffffffffffffffffffffffffffffd4
:101c2000ffffffffffffffffffffffffffffffffc4
:101c3000ffffffffffffffffffffffffffffffffb4
:101c4000ffffffffffffffffffffffffffffffffa4
:101c5000ffffffffffffffffffffffffffffffff94
:101c6000ffffffffffffffffffffffffffffffff84
:101c7000ffffffffffffffffffffffffffffffff74
:101c8000ffffffffffffffffffffffffffffffff64
:101c9000ffffffffffffffffffffffffffffffff54
:101ca000ffffffffffffffffffffffffffffffff44
:101cb000ffffffffffffffffffffffffffffffff34
:101cc000ffffffffffffffffffffffffffffffff24
:101cd000ffffffffffffffffffffffffffffffff14
:101ce000ffffffffffffffffffffffffffffffff04
:101cf000fffffffffffffffffffffffffffffffff4
:101d0000ffffffffffffffffffffffffffffffffe3
:101d1000ffffffffffffffffffffffffffffffffd3
:101d2000ffffffffffffffffffffffffffffffffc3
:101d3000ffffffffffffffffffffffffffffffffb3
:101d4000ffffffffffffffffffffffffffffffffa3
:101d5000ffffffffffffffffffffffffffffffff93
:101d6000ffffffffffffffffffffffffffffffff83
:101d7000ffffffffffffffffffffffffffffffff73
:101d8000ffffffffffffffffffffffffffffffff63
:101d9000ffffffffffffffffffffffffffffffff53
:101da000ffffffffffffffffffffffffffffffff43
:101db000ffffffffffffffffffffffffffffffff33
:101dc000ffffffffffffffffffffffffffffffff23
:101dd000ffffffffffffffffffffffffffffffff13
:101de000ffffffffffffffffffffffffffffffff03
:101df000fffffffffffffffffffffffffffffffff3
:101e0000ffffffffffffffffffffffffffffffffe2
:101e1000ffffffffffffffffffffffffffffffffd2
:101e2000ffffffffffffffffffffffffffffffffc2
:101e3000ffffffffffffffffffffffffffffffffb2
:101e4000ffffffffffffffffffffffffffffffffa2
:101e5000ffffffffffffffffffffffffffffffff92
:101e6000ffffffffffffffffffffffffffffffff82
:101e7000ffffffffffffffffffffffffffffffff72
:101e8000ffffffffffffffffffffffffffffffff62
:101e9000ffffffffffffffffffffffffffffffff52
:101ea000ffffffffffffffffffffffffffffffff42
:101eb000ffffffffffffffffffffffffffffffff32
:101ec000ffffffffffffffffffffffffffffffff22
:101ed000ffffffffffffffffffffffffffffffff12
:101ee000ffffffffffffffffffffffffffffffff02
:101ef000fffffffffffffffffffffffffffffffff2
:101f0000ffffffffffffffffffffffffffffffffe1
:101f1000ffffffffffffffffffffffffffffffffd1
:101f2000ffffffffffffffffffffffffffffffffc1
:101f3000ffffffffffffffffffffffffffffffffb1
:101f4000ffffffffffffffffffffffffffffffffa1
:101f5000ffffffffffffffffffffffffffffffff91
:101f6000ffffffffffffffffffffffffffffffff81
:101f7000ffffffffffffffffffffffffffffffff71
:101f8000ffffffffffffffffffffffffffffffff61
:101f9000ffffffffffffffffffffffffffffffff51
:101fa000ffffffffffffffffffffffffffffffff41
:101fb000ffffffffffffffffffffffffffffffff31
:101fc000ffffffffffffffffffffffffffffffff21
:101fd000ffffffffffffffffffffffffffffffff11
:101fe000ffffffffffffffffffffffffffffffff01
:101ff000fffffffffffffffffffffffffffffffff1
:10200000ffffffffffffffffffffffffffffffffe0
:10201000ffffffffffffffffffffffffffffffffd0
:10202000ffffffffffffffffffffffffffffffffc0
:10203000ffffffffffffffffffffffffffffffffb0
:10204000ffffffffffffffffffffffffffffffffa0
:10205000ffffffffffffffffffffffffffffffff90
:10206000ffffffffffffffffffffffffffffffff80
:10207000ffffffffffffffffffffffffffffffff70
:10208000ffffffffffffffffffffffffffffffff60
:10209000ffffffffffffffffffffffffffffffff50
:1020a000ffffffffffffffffffffffffffffffff40
:1020b000ffffffffffffffffffffffffffffffff30
:1020c000ffffffffffffffffffffffffffffffff20
:1020d000ffffffffffffffffffffffffffffffff10
:1020e000ffffffffffffffffffffffffffffffff00
:1020f000fffffffffffffffffffffffffffffffff0
:10210000ffffffffffffffffffffffffffffffffdf
:10211000ffffffffffffffffffffffffffffffffcf
:10212000ffffffffffffffffffffffffffffffffbf
:10213000ffffffffffffffffffffffffffffffffaf
:10214000ffffffffffffffffffffffffffffffff9f
:10215000ffffffffffffffffffffffffffffffff8f
:10216000ffffffffffffffffffffffffffffffff7f
:10217000ffffffffffffffffffffffffffffffff6f
:10218000ffffffffffffffffffffffffffffffff5f
:10219000ffffffffffffffffffffffffffffffff4f
:1021a000ffffffffffffffffffffffffffffffff3f
:1021b000ffffffffffffffffffffffffffffffff2f
:1021c000ffffffffffffffffffffffffffffffff1f
:1021d000ffffffffffffffffffffffffffffffff0f
:1021e000ffffffffffffffffffffffffffffffffff
:1021f000ffffffffffffffffffffffffffffffffef
:10220000ffffffffffffffffffffffffffffffffde
:10221000ffffffffffffffffffffffffffffffffce
:10222000ffffffffffffffffffffffffffffffffbe
:10223000ffffffffffffffffffffffffffffffffae
:10224000ffffffffffffffffffffffffffffffff9e
:10225000ffffffffffffffffffffffffffffffff8e
:10226000ffffffffffffffffffffffffffffffff7e
:10227000ffffffffffffffffffffffffffffffff6e
:10228000ffffffffffffffffffffffffffffffff5e
:10229000ffffffffffffffffffffffffffffffff4e
:1022a000ffffffffffffffffffffffffffffffff3e
:1022b000ffffffffffffffffffffffffffffffff2e
:1022c000ffffffffffffffffffffffffffffffff1e
:1022d000ffffffffffffffffffffffffffffffff0e
:1022e000fffffffffffffffffffffffffffffffffe
:1022f000ffffffffffffffffffffffffffffffffee
:10230000ffffffffffffffffffffffffffffffffdd
:10231000ffffffffffffffffffffffffffffffffcd
:10232000ffffffffffffffffffffffffffffffffbd
:10233000ffffffffffffffffffffffffffffffffad
:10234000ffffffffffffffffffffffffffffffff9d
:10235000ffffffffffffffffffffffffffffffff8d
:10236000ffffffffffffffffffffffffffffffff7d
:10237000ffffffffffffffffffffffffffffffff6d
:10238000ffffffffffffffffffffffffffffffff5d
:10239000ffffffffffffffffffffffffffffffff4d
:1023a000ffffffffffffffffffffffffffffffff3d
:1023b000ffffffffffffffffffffffffffffffff2d
:1023c000ffffffffffffffffffffffffffffffff1d
:1023d000ffffffffffffffffffffffffffffffff0d
:1023e000fffffffffffffffffffffffffffffffffd
:1023f000ffffffffffffffffffffffffffffffffed
:10240000ffffffffffffffffffffffffffffffffdc
:10241000ffffffffffffffffffffffffffffffffcc
:10242000ffffffffffffffffffffffffffffffffbc
:10243000ffffffffffffffffffffffffffffffffac
:10244000ffffffffffffffffffffffffffffffff9c
:10245000ffffffffffffffffffffffffffffffff8c
:10246000ffffffffffffffffffffffffffffffff7c
:10247000ffffffffffffffffffffffffffffffff6c
:10248000ffffffffffffffffffffffffffffffff5c
:10249000ffffffffffffffffffffffffffffffff4c
:1024a000ffffffffffffffffffffffffffffffff3c
:1024b000ffffffffffffffffffffffffffffffff2c
:1024c000ffffffffffffffffffffffffffffffff1c
:1024d000ffffffffffffffffffffffffffffffff0c
:1024e000fffffffffffffffffffffffffffffffffc
:1024f000ffffffffffffffffffffffffffffffffec
:10250000ffffffffffffffffffffffffffffffffdb
:10251000ffffffffffffffffffffffffffffffffcb
:10252000ffffffffffffffffffffffffffffffffbb
:10253000ffffffffffffffffffffffffffffffffab
:10254000ffffffffffffffffffffffffffffffff9b
:10255000ffffffffffffffffffffffffffffffff8b
:10256000ffffffffffffffffffffffffffffffff7b
:10257000ffffffffffffffffffffffffffffffff6b
:10258000ffffffffffffffffffffffffffffffff5b
:10259000ffffffffffffffffffffffffffffffff4b
:1025a000ffffffffffffffffffffffffffffffff3b
:1025b000ffffffffffffffffffffffffffffffff2b
:1025c000ffffffffffffffffffffffffffffffff1b
:1025d000ffffffffffffffffffffffffffffffff0b
:1025e000fffffffffffffffffffffffffffffffffb
:1025f000ffffffffffffffffffffffffffffffffeb
:10260000ffffffffffffffffffffffffffffffffda
:10261000ffffffffffffffffffffffffffffffffca
:10262000ffffffffffffffffffffffffffffffffba
:10263000ffffffffffffffffffffffffffffffffaa
:10264000ffffffffffffffffffffffffffffffff9a
:10265000ffffffffffffffffffffffffffffffff8a
:10266000ffffffffffffffffffffffffffffffff7a
:10267000ffffffffffffffffffffffffffffffff6a
:10268000ffffffffffffffffffffffffffffffff5a
:10269000ffffffffffffffffffffffffffffffff4a
:1026a000ffffffffffffffffffffffffffffffff3a
:1026b000ffffffffffffffffffffffffffffffff2a
:1026c000ffffffffffffffffffffffffffffffff1a
:1026d000ffffffffffffffffffffffffffffffff0a
:1026e000fffffffffffffffffffffffffffffffffa
:1026f000ffffffffffffffffffffffffffffffffea
:10270000ffffffffffffffffffffffffffffffffd9
:10271000ffffffffffffffffffffffffffffffffc9
:10272000ffffffffffffffffffffffffffffffffb9
:10273000ffffffffffffffffffffffffffffffffa9
:10274000ffffffffffffffffffffffffffffffff99
:10275000ffffffffffffffffffffffffffffffff89
:10276000ffffffffffffffffffffffffffffffff79
:10277000ffffffffffffffffffffffffffffffff69
:10278000ffffffffffffffffffffffffffffffff59
:10279000ffffffffffffffffffffffffffffffff49
:1027a000ffffffffffffffffffffffffffffffff39
:1027b000ffffffffffffffffffffffffffffffff29
:1027c000ffffffffffffffffffffffffffffffff19
:1027d000ffffffffffffffffffffffffffffffff09
:1027e000fffffffffffffffffffffffffffffffff9
:1027f000ffffffffffffffffffffffffffffffffe9
:10280000ffffffffffffffffffffffffffffffffd8
:10281000ffffffffffffffffffffffffffffffffc8
:10282000ffffffffffffffffffffffffffffffffb8
:10283000ffffffffffffffffffffffffffffffffa8
:10284000ffffffffffffffffffffffffffffffff98
:10285000ffffffffffffffffffffffffffffffff88
:10286000ffffffffffffffffffffffffffffffff78
:10287000ffffffffffffffffffffffffffffffff68
:10288000ffffffffffffffffffffffffffffffff58
:10289000ffffffffffffffffffffffffffffffff48
:1028a000ffffffffffffffffffffffffffffffff38
:1028b000ffffffffffffffffffffffffffffffff28
:1028c000ffffffffffffffffffffffffffffffff18
:1028d000ffffffffffffffffffffffffffffffff08
:1028e000fffffffffffffffffffffffffffffffff8
:1028f000ffffffffffffffffffffffffffffffffe8
:10290000ffffffffffffffffffffffffffffffffd7
:10291000ffffffffffffffffffffffffffffffffc7
:10292000ffffffffffffffffffffffffffffffffb7
:10293000ffffffffffffffffffffffffffffffffa7
:10294000ffffffffffffffffffffffffffffffff97
:10295000ffffffffffffffffffffffffffffffff87
:10296000ffffffffffffffffffffffffffffffff77
:10297000ffffffffffffffffffffffffffffffff67
:10298000ffffffffffffffffffffffffffffffff57
:10299000ffffffffffffffffffffffffffffffff47
:1029a000ffffffffffffffffffffffffffffffff37
:1029b000ffffffffffffffffffffffffffffffff27
:1029c000ffffffffffffffffffffffffffffffff17
:1029d000ffffffffffffffffffffffffffffffff07
:1029e000fffffffffffffffffffffffffffffffff7
:1029f000ffffffffffffffffffffffffffffffffe7
:102a0000ffffffffffffffffffffffffffffffffd6
:102a1000ffffffffffffffffffffffffffffffffc6
:102a2000ffffffffffffffffffffffffffffffffb6
:102a3000ffffffffffffffffffffffffffffffffa6
:102a4000ffffffffffffffffffffffffffffffff96
:102a5000ffffffffffffffffffffffffffffffff86
:102a6000ffffffffffffffffffffffffffffffff76
:102a7000ffffffffffffffffffffffffffffffff66
:102a8000ffffffffffffffffffffffffffffffff56
:102a9000ffffffffffffffffffffffffffffffff46
:102aa000ffffffffffffffffffffffffffffffff36
:102ab000ffffffffffffffffffffffffffffffff26
:102ac000ffffffffffffffffffffffffffffffff16
:102ad000ffffffffffffffffffffffffffffffff06
:102ae000fffffffffffffffffffffffffffffffff6
:102af000ffffffffffffffffffffffffffffffffe6
:102b0000ffffffffffffffffffffffffffffffffd5
:102b1000ffffffffffffffffffffffffffffffffc5
:102b2000ffffffffffffffffffffffffffffffffb5
:102b3000ffffffffffffffffffffffffffffffffa5
:102b4000ffffffffffffffffffffffffffffffff95
:102b5000ffffffffffffffffffffffffffffffff85
:102b6000ffffffffffffffffffffffffffffffff75
:102b7000ffffffffffffffffffffffffffffffff65
:102b8000ffffffffffffffffffffffffffffffff55
:102b9000ffffffffffffffffffffffffffffffff45
:102ba000ffffffffffffffffffffffffffffffff35
:102bb000ffffffffffffffffffffffffffffffff25
:102bc000ffffffffffffffffffffffffffffffff15
:102bd000ffffffffffffffffffffffffffffffff05
:102be000fffffffffffffffffffffffffffffffff5
:102bf000ffffffffffffffffffffffffffffffffe5
:102c0000ffffffffffffffffffffffffffffffffd4
:102c1000ffffffffffffffffffffffffffffffffc4
:102c2000ffffffffffffffffffffffffffffffffb4
:102c3000ffffffffffffffffffffffffffffffffa4
:102c4000ffffffffffffffffffffffffffffffff94
:102c5000ffffffffffffffffffffffffffffffff84
:102c6000ffffffffffffffffffffffffffffffff74
:102c7000ffffffffffffffffffffffffffffffff64
:102c8000ffffffffffffffffffffffffffffffff54
:102c9000ffffffffffffffffffffffffffffffff44
:102ca000ffffffffffffffffffffffffffffffff34
:102cb000ffffffffffffffffffffffffffffffff24
:102cc000ffffffffffffffffffffffffffffffff14
:102cd000ffffffffffffffffffffffffffffffff04
:102ce000fffffffffffffffffffffffffffffffff4
:102cf000ffffffffffffffffffffffffffffffffe4
:102d0000ffffffffffffffffffffffffffffffffd3
:102d1000ffff5ee7bcd6b9b5f89c768cd57b746bab
:102d2000946bf57b768cd89479ad9cd65eefffffe3
:102d3000ffffffffffffffffffffffffffffffffa3
:102d4000ffffffffffffffffffffffffffffffff93
:102d5000ffffffffffffffffffffffffffffffff83
:102d6000ffffffffffffffffffffffffffffffff73
:102d7000ffffffffffffffffffffffffffffffff63
:102d8000ffffffffffffffffffffffffffffffff53
:102d9000ffffffffffffffffffffffffffffffff43
:102da000ffffffffffffffffffffffffffffffff33
:102db000ffffffffffffffffffffffffffffffff23
:102dc000ffffffffffffffffffffffffffffffff13
:102dd000ffffffffffffffffffffffffffffffff03
:102de000fffffffffffffffffffffffffffffffff3
:102df000ffffffffffffffffffffffffffffffffe3
:102e0000ffffffffffffffffffffffffffffffffd2
:102e1000ffffffffffffffffffffffffffffffffc2
:102e2000ffffffffffffffffffffffffffffffffb2
:102e3000ffffffffffffffffffffffffffffffffa2
:102e4000ffffffffffffffffffff7eef1ac6768c3d
:102e500033635142d0316f290e19ed180e190e1936
:102e60000e19ee18ee180e196f29d0315142536326
:102e700097943bc6bff7ffffffffffffffffffff7a
:102e8000ffffffffffffffffffffffffffffffff52
:102e9000ffffffffffffffffffffffffffffffff42
:102ea000ffffffffffffffffffffffffffffffff32
:102eb000ffffffffffffffffffffffffffffffff22
:102ec000ffffffffffffffffffffffffffffffff12
:102ed000ffffffffffffffffffffffffffffffff02
:102ee000fffffffffffffffffffffffffffffffff2
:102ef000ffffffffffffffffffffffffffffffffe2
:102f0000ffffffffffffffffffffffffffffffffd1
:102f1000ffffffffffffffffffffffffffffffffc1
:102f2000ffffffffffffffffffffffffffffffffb1
:102f3000ffffffffffffffffffffffffffffffffa1
:102f4000ffffffffffffffffffffffffffffffff91
:102f5000ffffffffffffffffffffffffffffffff81
:102f6000ffffffffffffffffffffffffffffffff71
:102f7000ffffffffffffffffffffffffffffffff61
:102f8000ffffffffffff5bcef57b103a4e214e2186
:102f90002e210e194e21f039135bb5733584768cd2
:102fa000568cf57b946b914aaf312e212e214e2108
:102fb0004e216f2951425684bcd6ffffffffffff11
:102fc000ffffffffffffffffffffffffffffffff11
:102fd000ffffffffffffffffffffffffffffffff01
:102fe000fffffffffffffffffffffffffffffffff1
:102ff000ffffffffffffffffffffffffffffffffe1
:10300000ffffffffffffffffffffffffffffffffd0
:10301000ffffffffffffffffffffffffffffffffc0
:10302000ffffffffffffffffffffffffffffffffb0
:10303000ffffffffffffffffffffffffffffffffa0
:10304000ffffffffffffffffffffffffffffffff90
:10305000ffffffffffffffffffffffffffffffff80
:10306000ffffffffffffffffffffffffffffffff70
:10307000ffffffffffffffffffffffffffffffff60
:10308000ffffffffffffffffffffffffffffffff50
:10309000ffffffffffffffffffffffffffffffff40
:1030a000ffffffffffffffffffffffffffffffff30
:1030b000ffffffffffffffffffffffffffffffff20
:1030c000fffffabd33638f292e218f29af314e21a7
:1030d000f039d573bab53de7fffffffffffffffff4
:1030e000ffffffffffffbff7dcde38a5746bd031b9
:1030f0004e21af318f292e21af31946b5bceffff74
:10310000ffffffffffffffffffffffffffffffffcf
:10311000ffffffffffffffffffffffffffffffffbf
:10312000ffffffffffffffffffffffffffffffffaf
:10313000ffffffffffffffffffffffffffffffff9f
:10314000ffffffffffffffffffffffffffffffff8f
:10315000ffffffffffffffffffffffffffffffff7f
:10316000ffffffffffffffffffffffffffffffff6f
:10317000ffffffffffffffffffffffffffffffff5f
:10318000ffffffffffffffffffffffffffffffff4f
:10319000ffffffffffffffffffffffffffffffff3f
:1031a000ffffffffffffffffffffffffffffffff2f
:1031b000ffffffffffffffffffffffffffffffff1f
:1031c000ffffffffffffffffffffffffffffffff0f
:1031d000ffffffffffffffffffffffffffffffffff
:1031e000ffffffffffffffffffffffffffffffffef
:1031f000ffffffffffffffffffffffffffffbcd64b
:10320000746b4f214e21af31d0314e21d031768cad
:103210001de7ffffffffffffffffffffffffffffb8
:10322000ffffffffffffffffffffffffffffdcdef2
:103230003584af316f21d031af314e216f29d47336
:103240001de7ffffffffffffffffffffffffffff88
:10325000ffffffffffffffffffffffffffffffff7e
:10326000ffffffffffffffffffffffffffffffff6e
:10327000ffffffffffffffffffffffffffffffff5e
:10328000ffffffffffffffffffffffffffffffff4e
:10329000ffffffffffffffffffffffffffffffff3e
:1032a000ffffffffffffffffffffffffffffffff2e
:1032b000ffffffffffffffffffffffffffffffff1e
:1032c000ffffffffffffffffffffffffffffffff0e
:1032d000fffffffffffffffffffffffffffffffffe
:1032e000ffffffffffffffffffffffffffffffffee
:1032f000ffffffffffffffffffffffffffffffffde
:10330000ffffffffffffffffffffffffffffffffcd
:10331000ffffffffffffffffffffffffffffffffbd
:10332000ffffffffffffffffffffffffffffffffad
:10333000ffffffffffffffffffffffffd79caf3146
:103340004e21af31cf31af314e21746bfddeffff27
:10335000ffffffffffffffffffffffffffffffff7d
:10336000ffffffffffffffffffffffffffffffff6d
:10337000ffffbcd633634e21af31cf31af314e2189
:10338000f03938a5ffffffffffffffffffffffff43
:10339000ffffffffffffffffffffffffffffffff3d
:1033a000ffffffffffffffffffffffffffffffff2d
:1033b000ffffffffffffffffffffffffffffffff1d
:1033c000ffffffffffffffffffffffffffffffff0d
:1033d000fffffffffffffffffffffffffffffffffd
:1033e000ffffffffffffffffffffffffffffffffed
:1033f000ffffffffffffffffffffffffffffffffdd
:10340000ffffffffffffffffffffffffffffffffcc
:10341000ffffffffffffffffffffffffffffffffbc
:10342000ffffffffffffffffffffffffffffffffac
:10343000ffffffffffffffffffffffffffffffff9c
:10344000ffffffffffffffffffffffffffffffff8c
:10345000ffffffffffffffffffffffffffffffff7c
:10346000ffffffffffffffffffffffffffffffff6c
:10347000ffffffffffffffff5def33632e218f296b
:10348000af31af318f296f29f79cffffffffffff9f
:10349000ffffffffffffffffffffffffffffffff3c
:1034a000ffffffffffffffffffffffffffffffff2c
:1034b000ffffffffffff97946f298f29af31af31d7
:1034c0008f294e2194739eefffffffffffffffff49
:1034d000fffffffffffffffffffffffffffffffffc
:1034e000ffffffffffffffffffffffffffffffffec
:1034f000ffffffffffffffffffffffffffffffffdc
:10350000ffffffffffffffffffffffffffffffffcb
:10351000ffffffffffffffffffffffffffffffffbb
:10352000ffffffffffffffffffffffffffffffffab
:10353000ffffffffffffffffffffffffffffffff9b
:10354000ffffffffffffffffffffffffffffffff8b
:10355000ffffffffffffffffffffffffffffffff7b
:10356000ffffffffffffffffffffffffffffffff6b
:10357000ffffffffffffffffffffffffffffffff5b
:10358000ffffffffffffffffffffffffffffffff4b
:10359000ffffffffffffffffffffffffffffffff3b
:1035a000ffffffffffffffffffffffffffffffff2b
:1035b000ffffffffffffdcde714a2e21af31af318d
:1035c000af318f298f29bab5ffffffffffffffff44
:1035d000fffffffffffffffffffffffffffffffffb
:1035e000ffffffffffffffffffffffffffffffffeb
:1035f000ffffffffffffffff79ad6f298f29af317d
:10360000af31af312e21b2523de7ffffffffffff89
:10361000ffffffffffffffffffffffffffffffffba
:10362000ffffffffffffffffffffffffffffffffaa
:10363000ffffffffffffffffffffffffffffffff9a
:10364000ffffffffffffffffffffffffffffffff8a
:10365000ffffffffffffffffffffffffffffffff7a
:10366000ffffffffffffffffffffffffffffffff6a
:10367000ffffffffdfff79f6d3f4d0f32debecea89
:103680004debd0f3d3ec39f69effffffffffffffba
:10369000ffffffffffffffffffffffffffffffff3a
:1036a000ffffffffffffffffffffffffffffffff2a
:1036b000ffffffffffffffffffffffffffffffff1a
:1036c000ffffffffffffffffffffffffffffffff0a
:1036d000fffffffffffffffffffffffffffffffffa
:1036e000ffffffffffffffffffffffffffffffffea
:1036f000ffffffffbcd6103a6f29cf31af31af319a
:10370000af316f29dab5ffffdfffffffffffffffdc
:10371000ffffffffffffffffffffffffffffffffb9
:10372000dfffffffffffffffffffffffffffffffc9
:10373000ffffffffffffffffffff58a54f21af3146
:10374000af31af31d0314e2151423de7ffffffff96
:10375000ffffffffffffffffffffffffffffffff79
:10376000ffffffffffffffffffffffffffffffff69
:10377000ffffffffffffffffffffffffffffffff59
:10378000ffffffffffffffffffffffffffffffff49
:10379000ffffffffffffffffffffffffffffffff39
:1037a000ffffffffffffffffffffffffffffffff29
:1037b0009af6cff3a8e9c4e862e863e863e883e82f
:1037c00063e863e862e8a3e887e94eebdbf6ffff16
:1037d000fffffffffffffffffffffffffffffffff9
:1037e000ffffffffffffffffffffffffffffffffe9
:1037f000ffffffffffffffffffffffffffffffffd9
:10380000ffffffffffffffffffffffffffffffffc8
:10381000ffffffffffffffffffffffffffffffffb8
:10382000ffffffffffffffffffffffffffffffffa8
:10383000ffff1de731426f29cf31af31af31af31db
:103840004e21f79cffffdfffffffffffffffffffa2
:10385000ffffffffffffffffffffffff9cf7aec56e
:103860004abdf8e6ffffffffffffffffffffffff7f
:10387000ffffffffffffffffffffffff768c2e2103
:10388000af31af31af31cf314e21b2527eefffffba
:10389000ffffffffffffffffffffffffffffffff38
:1038a000ffffffffffffffffffffffffffffffff28
:1038b000ffffffffffffffffffffffffffffffff18
:1038c000ffffffffffffffffffffffffffffffff08
:1038d000fffffffffffffffffffffffffffffffff8
:1038e000ffffffffffffffffffffffff9afeccea96
:1038f000a3e842e883e8c4e8e4e8e4e8e4e8e4e8cc
:10390000e4e8e4e8e4e8e4e8a4e801e8a7e9beffc5
:10391000ffffffffffffffffffffffffffffffffb7
:10392000ffffffffffffffffffffffffffffffffa7
:10393000ffffffffffffffffffffffffffffffff97
:10394000ffffffffffffffffffffffffffffffff87
:10395000ffffffffffffffffffffffffffffffff77
:10396000ffffffffffffffffffffffffffffffff67
:10397000bff7f25a4e21cf31af31af31af314e21c7
:10398000946bffffffffffffffffffffffffffff46
:10399000ffffffffffffffffffffd6de29b5c5ac2e
:1039a000e6acc5acefc5beffffffffffffffffffab
:1039b000ffffffffffffffffffffffffdffff25ae9
:1039c0004f21af31af31af31d0312e21b473ffff72
:1039d000fffffffffffffffffffffffffffffffff7
:1039e000ffffffffffffffffffffffffffffffffe7
:1039f000ffffffffffffffffffffffffffffffffd7
:103a0000ffffffffffffffffffffffffffffffffc6
:103a1000ffffffffffffffffffffffffffffffffb6
:103a2000ffffffffffffffffffff31f4a4e862e8a5
:103a3000e4e8e5e8e4e8c4e8c4e8c4e8c4e8c4e8c5
:103a4000c4e8c4e8c4e8c4e8e4e805e942e831ecc5
:103a5000ffffffffffffffffffffffffffffffff76
:103a6000ffffffffffffffffffffffffffffffff66
:103a7000ffffffffffffffffffffffffffffffff56
:103a8000ffffffffffffffffffffffffffffffff46
:103a9000ffffffffffffffffffffffffffffffff36
:103aa000ffffffffffffffffffffffffffffffff26
:103ab00097942e21cf31af31af31af318f29f0390b
:103ac0003de7ffffffffffffffffffffffffffffe0
:103ad000ffffffffffffbdf7efcdc5aca5ace7ac27
:103ae000c5ac07b573d6ffffdfffffffffffffff8a
:103af000ffffffffffffffffffffffffffff9cd662
:103b00008f29af31af31af31af31af312e2179ad28
:103b1000ffffffffffffffffffffffffffffffffb5
:103b2000ffffffffffffffffffffffffffffffffa5
:103b3000ffffffffffffffffffffffffffffffff95
:103b4000ffffffffffffffffffffffffffffffff85
:103b5000ffffffffffffffffffffffffffffffff75
:103b6000ffffffffffff9effabea22e8c4e8e5e8a6
:103b7000c4e8e4e8e4e8c4e8c4e8c4e8c4e8c4e8a5
:103b8000c4e8c4e8c4e8c4e8e4e8e5e8e4e8a4e894
:103b9000baf6ffffffffffffffffffffffffffff83
:103ba000ffffffffffffffffffffffffffffffff25
:103bb000ffffffffffffffffffffffffffffffff15
:103bc000ffffffffffffffffffffffffffffffff05
:103bd000fffffffffffffffffffffffffffffffff5
:103be000ffffffffffffffffffffffffffffdcd631
:103bf000af318f29af31af31af31af312e21d79ceb
:103c0000ffffffffffffffffffffffffffffffffc4
:103c1000fffffffff7e649b5a4a408b574de19e776
:103c2000d6de7bf7ffff39ef6bbd8bbd3aefffffb1
:103c3000ffffffffffffffffffffffffffffffff94
:103c4000157c4e21af31af31af31af318f293042ca
:103c50005eefffffffffffffffffffffffffffff25
:103c6000ffffffffffffffffffffffffffffffff64
:103c7000ffffffffffffffffffffffffffffffff54
:103c8000ffffffffffffffffffffffffffffffff44
:103c9000ffffffffffffffffffffffffffffffff34
:103ca000ffffffff7dff29ea42e805e9e4e8c4e8f9
:103cb000e4e883e883e8e4e8c4e8c4e8c4e8c4e8e6
:103cc000c4e8c4e8c4e8e4e8a3e862e8e4e883e818
:103cd0006aeaffffffffffffffffffffffffffff9e
:103ce000ffffffffffffffffffffffffffffffffe4
:103cf000ffffffffffffffffffffffffffffffffd4
:103d0000ffffffffffffffffffffffffffffffffc3
:103d1000ffffffffffffffffffffffffffffffffb3
:103d2000ffffffffffffffffffffffffffffb4737a
:103d30004e21af31af31af31af318f2931429eefdc
:103d4000ffffffffffffffffffffffffffffffff83
:103d5000beff10cec6acc5ac8bbd5befffffffff57
:103d6000ffffffff11cea5aca4a4c5ace7ac53d6b2
:103d7000dfffffffffffffffffffffffffffffff73
:103d8000fdded0318f29af31af31af31af312e21d0
:103d90009694ffffffffffffffffffffffffffff07
:103da000ffffffffffffffffffffffffffffffff23
:103db000ffffffffffffffffffffffffffffffff13
:103dc000ffffffffffffffffffffffffffffffff03
:103dd000fffffffffffffffffffffffffffffffff3
:103de000ffffdfff6aea42e805e9c4e8c4e8e4e867
:103df00083e88bea6aea83e8e4e8c4e8c4e8c4e854
:103e0000c4e8c4e8e4e883e8a7e92deb05e9c4e8e1
:103e100042e814f5ffffffffffffffffffffffff7b
:103e2000ffffffffffffffffffffffffffffffffa2
:103e3000ffffffffffffffffffffffffffffffff92
:103e4000ffffffffffffffffffffffffffffffff82
:103e5000ffffffffffffffffffffffffffffffff72
:103e6000fffffffffffffffffffffffffddecf3183
:103e70008f29af31af31af31af312e21768cffffbb
:103e8000ffffffffffffffffffffffffffff18e741
:103e90006bbdc5ace6ac08b59df7ffffdeffffffcd
:103ea000f8e608b5a5acefcd52d629b5e6acc5ac61
:103eb0006bbd39efffffffffffffffffffffffffbe
:103ec000ffffb4734e21af31af31af31af318f2926
:103ed00031427eefffffffffffffffffffffffff0e
:103ee000ffffffffffffffffffffffffffffffffe2
:103ef000ffffffffffffffffffffffffffffffffd2
:103f0000ffffffffffffffffffffffffffffffffc1
:103f1000ffffffffffffffffffffffffffffffffb1
:103f2000ffffafeb22e805e9c4e8c4e8e5e842e8b2
:103f3000d0f3ffffffff8eeb42e8e5e8c4e8c4e8fa
:103f4000c4e8e4e8a3e846e91cffffff59f6c4e82b
:103f5000a4e825e95dffffffffffffffffffffff75
:103f6000ffffffffffffffffffffffffffffffff61
:103f7000ffffffffffffffffffffffffffffffff51
:103f8000ffffffffffffffffffffffffffffffff41
:103f9000ffffffffffffffffffffffffffffffff31
:103fa000ffffffffffffffffffffffffb7942e2183
:103fb000af31af31af31af31af318f299cd6ffff79
:103fc000ffffffffffffffffffffffffbeff6bbd18
:103fd000a4a407b5e7b4e6ac31cebefffffffffff8
:103fe000f8e6adc519efffffffff6abde6acc6ac52
:103ff000e7acd6deffffffffffffffffffffffff86
:10400000ffffdabd4e21af31af31af31af31af314c
:104010004e2179adffffffffffffffffffffffff17
:10402000ffffffffffffffffffffffffffffffffa0
:10403000ffffffffffffffffffffffffffffffff90
:10404000ffffffffffffffffffffffffffffffff80
:10405000ffffffffffffffffffffffffffffffff70
:1040600018f662e8e4e8c4e8c4e8e4e863e84aea89
:10407000ffffffffffffbeff87e9a3e8e4e8c4e816
:10408000c4e8e4e862e8d7f5ffffbeffffff51f4a4
:1040900062e863e82debffffffffffffffffffff7d
:1040a000ffffffffffffffffffffffffffffffff20
:1040b000ffffffffffffffffffffffffffffffff10
:1040c000ffffffffffffffffffffffffffffffff00
:1040d000fffffffffffffffffffffffffffffffff0
:1040e000fffffffffffffffffffffffff35a4e2120
:1040f000af31af31af31af316f29924adffffffff0
:10410000ffffffffffffffffffffffffffffdeffe0
:1041100052d6e6acc6ac07b5c5ac4abdf7e6ffff64
:10412000ffffffffffff9cf7adc5c6acc5acadc53b
:104130009cf7fffffffffffffffffffffffffffffa
:10414000ffff5eef30428f29af31af31af31af317a
:104150004e21746bffffffffffffffffffffffff1d
:10416000ffffffffffffffffffffffffffffffff5f
:10417000ffffffffffffffffffffffffffffffff4f
:10418000ffffffffffffffffffffffffffffffff3f
:10419000ffffffffffffffffffffffffffffffff2f
:1041a00049ea83e8e4e8c4e8e4e8c4e8e4e8fbf6c4
:1041b000ffffffffffffffffb6f542e8e4e8c4e8ba
:1041c000e5e842e810f4ffffdfffffffffffdfff3e
:1041d000c8e9a3e883e8f8f5ffffffffffffffff53
:1041e000ffffffffffffffffffffffffffffffffdf
:1041f000ffffffffffffffffffffffffffffffffcf
:10420000ffffffffffffffffffffffffffffffffbe
:10421000ffffffffffffffffffffffffffffffffae
:10422000ffffffffffffffffffff5ee7d0318f299a
:10423000af31af31af31af312e21f57bffffffff43
:10424000ffffffffffffffffffffbeffb6deffff29
:10425000ffff39ef6bbdc5ace7b4e6acc6ac31d6f9
:10426000bdf7deffb5de29b5a4a407b594d6ffffe0
:10427000ffff94de72d6ffffffffffffffffffff90
:10428000ffffffff33634e21af31af31af31af31ad
:104290006f2951429ef7ffffffffffffffffffff68
:1042a000ffffffffffffffffffffffffffffffff1e
:1042b000ffffffffffffffffffffffffffffffff0e
:1042c000fffffffffffffffffffffffffffffffffe
:1042d000ffffffffffffffffffffffffffffd7f520
:1042e00062e8e4e8c4e8c4e8e4e862e835f5ffff22
:1042f000ffffffffffffffffffffecea62e805e9ba
:1043000063e829eadfffffffffffffffffffffff7b
:1043100018f683e8a3e8a7e9beffffffffffffff52
:10432000ffffffffffffffffffffffffffffffff9d
:10433000ffffffffffffffffffffffffffffffff8d
:10434000ffffffffffffffffffffffffffffffff7d
:10435000ffffffffffffffffffffffffffffffff6d
:10436000ffffffffffffffffffff7bce8f29af3176
:10437000af31af31af31af312e21f89cffffffffde
:10438000ffffffffffffffffffffbef707ad4abdc7
:1043900039efffffffff53d6e7acc6ac07b5c5ac9e
:1043a00029b56abdc5aca4ac8cbd5befffff7cf743
:1043b000cec584a40fceffffffffffffffffffff6f
:1043c000ffffffff96942e21af31af31af31af31f8
:1043d0008f29af311ddfffffffffffffffffffff53
:1043e000ffffffffffffffffffffffffffffffffdd
:1043f000ffffffffffffffffffffffffffffffffcd
:10440000ffffffffffffffffffffffffffffffffbc
:10441000ffffffffffffffffffffffffffff0debb2
:1044200062e8e5e8c4e8e4e862e80cebffffdfffe0
:10443000fffffffffffffffffffffcfee4e8c4e814
:1044400005e9fbfeffffffffffffffffffffffff91
:10445000ffff6eeb83e862e831f4ffffffffffff31
:10446000ffffffffffffffffffffffffffffffff5c
:10447000ffffffffffffffffffffffffffffffff4c
:10448000ffffffffffffffffffffffffffffffff3c
:10449000ffffffffffffffffffffffffffffffff2c
:1044a000ffffffffffffffffffff79ad4e21af31a1
:1044b000af31af31af31af316e21b9b5ffffffff83
:1044c000ffffffffffffffffffffbef729b5c4acf3
:1044d000c5acefcddeffffff5aef8cbdc5ace7ac3e
:1044e000e7aca5ace7ac53d6ffffffff95de08b500
:1044f000c6acc5ac10ceffffffffffffffffffff05
:10450000ffffffff38a52e21af31af31af31af3103
:10451000af318f299cd6ffffffffffffffffffff9b
:10452000ffffffffffffffffffffffffffffffff9b
:10453000ffffffffffffffffffffffffffffffff8b
:10454000ffffffffffffffffffffffffffffffff7b
:10455000ffffffffffffffffffffffff9eff46e99b
:10456000a4e8e4e8c4e8e4e8a3e8e8e99effffff84
:10457000ffffffffffffffffffffffff92f442e897
:10458000e4e839f6ffffffffffffffffffffffff3c
:10459000ffff7dff46e9a3e8c4e8bafeffffffff87
:1045a000ffffffffffffffffffffffffffffffff1b
:1045b000ffffffffffffffffffffffffffffffff0b
:1045c000fffffffffffffffffffffffffffffffffb
:1045d000ffffffffffffffffffffffffffffffffeb
:1045e000ffffffffffffffffffff59ad2e21af31a0
:1045f000af31af31af31af318f297bceffffffff3e
:10460000ffffffffffffffffffffbef729b5c5acb0
:10461000adc54abd07add6deffffffff94d608b596
:10462000a5ac6bbd39efffff7bf7adc5a5ace6ac24
:1046300007b5c5ac30ceffffffffffffffffffff59
:10464000ffffffff99ad4e21af31af31af31af3139
:10465000af318f295bceffffffffffffffffffffa3
:10466000ffffffffffffffffffffffffffffffff5a
:10467000ffffffffffffffffffffffffffffffff4a
:10468000ffffffffffffffffffffffffffffffff3a
:10469000ffffffffffffffffffffffff59f683e86c
:1046a000e4e8c4e8c4e8c4e8e4e822e8f0ebffff8b
:1046b000ffffffffffffffffffffffffdfff09ea35
:1046c00022e8e8e9dfffffffffffffffffffffff3b
:1046d000ffffffff35f562e883e88aeaffffffff8f
:1046e000ffffffffffffffffffffffffffffffffda
:1046f000ffffffffffffffffffffffffffffffffca
:10470000ffffffffffffffffffffffffffffffffb9
:10471000ffffffffffffffffffffffffffffffffa9
:10472000ffffffffffffffffffff79ad4e21af311e
:10473000af31af31af31af318f29dcd6ffffffff93
:10474000ffffffffffffffffffff9df709b5a4a4d9
:1047500073d6ffff31cec5accdc59cf7ffff7bef15
:1047600095deffffffff94dee7b4a4ac4abd08b5b9
:10477000e7b4c5ac10ceffffffffffffffffffff59
:10478000ffffffffdabd6e29af31af31af31af317f
:10479000af318f299cd6ffffffffffffffffffff19
:1047a000ffffffffffffffffffffffffffffffff19
:1047b000ffffffffffffffffffffffffffffffff09
:1047c000fffffffffffffffffffffffffffffffff9
:1047d000ffffffffffffffffffffffff35f542e891
:1047e000e4e805e922e851f472f442e8a4e89afe0c
:1047f000ffffffffffffffffffffffffffff38f699
:10480000a3e842e851ecffffffffffffffffffffc0
:10481000ffffffffffffabea83e863e814f5ffff4c
:10482000ffffffffffffffffffffffffffffffff98
:10483000ffffffffffffffffffffffffffffffff88
:10484000ffffffffffffffffffffffffffffffff78
:10485000ffffffffffffffffffffffffffffffff68
:10486000ffffffffffffffffffff3bc66f29af31d9
:10487000af31af31af31af318f29bcd6ffffffff72
:10488000ffffffffffffffffffff9df729b5a4a478
:1048900052d6ffffffff39ef07ade7acb5defffff4
:1048a000ffff7bef8cbdc5ace6ac94d6beff10ce4f
:1048b000c5acc5ac10ceffffffffffffffffffff42
:1048c000ffffffff99b54e21af31af31af31af31af
:1048d0008f29af31fddeffffffffffffffffffff6f
:1048e000ffffffffffffffffffffffffffffffffd8
:1048f000ffffffffffffffffffffffffffffffffc8
:10490000ffffffffffffffffffffffffffffffffb7
:10491000ffffffffffffffffdfffffff72f442e833
:1049200005e963e809eaffffdfffc8e922e86aea70
:10493000ffffffffffffffffffffffffffffffff87
:104940006eeb42e8e4e8dbfeffffffffffffffff47
:10495000ffffffffffffdbfec4e8a4e825e95dffe2
:10496000ffffffffffffffffffffffffffffffff57
:10497000ffffffffffffffffffffffffffffffff47
:10498000ffffffffffffffffffffffffffffffff37
:10499000ffffffffffffffffffffffffffffffff27
:1049a000ffffffffffffffffffff1de7b0318f2974
:1049b000af31af31af31af318f295bceffffffff9a
:1049c000ffffffffffffffffffff9df708b5a4ac50
:1049d00011ceffffffffffff3aefe6aca4a451d6d4
:1049e000ffffadc5a4ace6acd6e6ffffffff73d674
:1049f000c5acc5ac30ceffffffffffffffffffffe1
:104a0000ffffffff59a52e21af31af31af31af31dd
:104a10008f2931427eefffffffffffffffffffff08
:104a2000ffffffffffffffffffffffffffffffff96
:104a3000ffffffffffffffffffffffffffffffff86
:104a4000ffffffffffffffffffffffffffffffff76
:104a5000ffffffffffffffffdfffffff51f442e813
:104a6000e4e8c4e8bbfeffffffff18f683e862e856
:104a7000d3f4ffffffffffffffffffffffffffff7d
:104a80005dff46e942e8abeaffffffffffffffffe4
:104a9000ffffffffffffffff51f462e863e84eeb0b
:104aa000ffffffffffffffffffffffffffffffff16
:104ab000ffffffffffffffffffffffffffffffff06
:104ac000fffffffffffffffffffffffffffffffff6
:104ad000ffffffffffffffffffffffffffffffffe6
:104ae000ffffffffffffffffffffdfffb2526f2956
:104af000af31af31af31af314e2179adffffffffa5
:104b0000ffffffffffffffffffff9df708b5e6accc
:104b1000e6ac0fcebdf7ffffffff4abda4a48cbdde
:104b2000ffff8dc5c5ac08b5bdffffff5aef6bbddc
:104b3000e6acc5ac30ceffffffffffffffffffff7e
:104b4000ffffffffd79c2e21af31af31af31af3127
:104b50004e215363ffffffffffffffffffffffff3c
:104b6000ffffffffffffffffffffffffffffffff55
:104b7000ffffffffffffffffffffffffffffffff45
:104b8000ffffffffffffffffffffffffffffffff35
:104b9000ffffffffffffffffdfffffff72f463e890
:104ba00062e814f5ffffffffffffffffafeb22e816
:104bb00025e93cffffffffffffffffffffffffffb8
:104bc000ffff14f562e863e814f5ffffffffffff46
:104bd000ffffffffffffffffbeffc8e9a3e883e879
:104be00018f6ffffffffffffffffffffffffffffc5
:104bf000ffffffffffffffffffffffffffffffffc5
:104c0000ffffffffffffffffffffffffffffffffb4
:104c1000ffffffffffffffffffffffffffffffffa4
:104c2000ffffffffffffffffffffffff568c2e215f
:104c3000af31af31af31af312e21b794ffffffff5e
:104c4000ffffffffffffffffffff9df708b5c5acac
:104c5000efcdacc507ad73d673d6e6acc5acacc56d
:104c6000ffffadc5c5ace7b4d6de52d6e6acc5ace9
:104c700007b5c5ac30ceffffffffffffffffffff13
:104c8000ffffffff946b4e21af31af31af31af313a
:104c90002e21189dffffffffffffffffffffffff1c
:104ca000ffffffffffffffffffffffffffffffff14
:104cb000ffffffffffffffffffffffffffffffff04
:104cc000fffffffffffffffffffffffffffffffff4
:104cd000ffffffffffffffffffffffff55f500e8ae
:104ce0002debffffdfffffffffffffff7eff87e9e9
:104cf00021e82debffffffffffffffffffffffff9f
:104d0000ffffffff6aea42e846e95dffffffffffa2
:104d1000ffffffffffffffffffff18f683e862e8da
:104d200035f5ffffffffffffffffffffffffffff67
:104d3000ffffffffffffffffffffffffffffffff83
:104d4000ffffffffffffffffffffffffffffffff73
:104d5000ffffffffffffffffffffffffffffffff63
:104d6000ffffffffffffffffffffffff9cd68f2925
:104d7000af31af31af31af314e215463ffffffff91
:104d8000ffffffffffffffffffff9df709b5a4a493
:104d900094deffff94dee6aca4a4e6acc5acacc5e3
:104da000ffffacc5c5ace7b4e6ac83a429b529b513
:104db000e6acc5ac30cefffffffffffffffffffffc
:104dc000ffffbff7914a6f29af31af31af318f2964
:104dd000d0311de7ffffffffffffffffffffffffda
:104de000ffffffffffffffffffffffffffffffffd3
:104df000ffffffffffffffffffffffffffffffffc3
:104e0000ffffffffffffffffffffffffffffffffb2
:104e1000ffffffffffffffffffffffff18f646e961
:104e20007dffffffffffffffffffffffffff75f5a8
:104e300083e883e8d7f5ffffffffffffffffffffda
:104e4000ffffffff9af6c4e842e84eebffffffffcb
:104e5000ffffffffffffffffffffffff6eeb01e81c
:104e600079f6ffffffffffffffffffffffffffffe1
:104e7000ffffffffffffffffffffffffffffffff42
:104e8000ffffffffffffffffffffffffffffffff32
:104e9000ffffffffffffffffffffffffffffffff22
:104ea000ffffffffffffffffffffffffffff53635a
:104eb0004e21af31af31af318f29103a7eefffff76
:104ec000ffffffffffffffffffff9df707ada4ac54
:104ed00094d6ffffffff7cf76bbdc5acc5acacbd86
:104ee000ffffacc5c5ace7ac08b552d6bef7b6de21
:104ef000e6aca4a431ceffffffffffffffffffffe3
:104f0000ffff9cd68f29af31af31af31af314e218a
:104f1000f57bffffffffffffffffffffffffffff2f
:104f2000ffffffffffffffffffffffffffffffff91
:104f3000ffffffffffffffffffffffffffffffff81
:104f4000ffffffffffffffffffffffffffffffff71
:104f5000ffffffffffffffffffffffff5dff9af671
:104f6000ffffffffffffffffffffffffffff1cff34
:104f7000e4e883e8a7e99effffffffffffffffffd5
:104f8000ffffffffffff10f463e883e8f8f5ffff82
:104f9000ffffffffffffffffffffffff5dffa7e931
:104fa0005dffffffffffffffffffffffffffffffb3
:104fb000ffffffffffffffffffffffffffffffff01
:104fc000fffffffffffffffffffffffffffffffff1
:104fd000ffffffffffffffffffffffffffffffffe1
:104fe000ffffffffffffffffffffffffffff5bcea6
:104ff0006f29af31af31af31af314e21bab5ffffbd
:10500000ffffffffffffffffffffffff52d6a4a43c
:1050100010ceffffffffffff5befe6acc5acacc5fa
:10502000ffffacc5c5ace7ac18e7ffffffff18e713
:10503000a4a48cbd7cf7ffffffffffffffffffff76
:10504000ffffd7942e21af31af31af318f29d0314f
:10505000fddeffffffffffffffffffffffffffff83
:10506000ffffffffffffffffffffffffffffffff50
:10507000ffffffffffffffffffffffffffffffff40
:10508000ffffffffffffffffffffffffffffffff30
:10509000ffffffffffffffffffffffffffffffff20
:1050a000ffffffffffffffffffffffffffffb3f467
:1050b00062e805e942e810ecffffffffffffffff9a
:1050c000ffffffffffff9eff25e983e8c8e9beff62
:1050d000fffffffffffffffffffffffffffffbf6ed
:1050e000dffffffffffffffffffffffffffffffff0
:1050f000ffffffffffffffffffffffffffffffffc0
:10510000ffffffffffffffffffffffffffffffffaf
:10511000ffffffffffffffffffffffffffffffff9f
:10512000ffffffffffffffffffffffffffffffff8f
:10513000f57b2e21d031af31af314e21746bffffa3
:10514000ffffffffffffffffffffffffffff19e76d
:105150006abd8cbd7befffffffff28b5a4acacc5db
:10516000ffff8dbdc5ac28b59df7ffffffff39eff1
:1051700031ceffffffffffffffffffffffffffff3e
:10518000dfffb2526f29af31af31cf312e21f79c03
:10519000ffffffffffffffffffffffffffffffff1f
:1051a000ffffffffffffffffffffffffffffffff0f
:1051b000ffffffffffffffffffffffffffffffffff
:1051c000ffffffffffffffffffffffffffffffffef
:1051d000ffffffffffffffffffffffffffffffffdf
:1051e000ffffffffffffffffffffffffbaf6c4e86f
:1051f000c4e8e4e8c4e8a3e89af6ffffffffffff76
:10520000ffffffffffff92f463e805e942e811f4b6
:10521000ffffffffffffffffffffffffffffffff9e
:10522000ffffffffffffffffffffffffffffffff8e
:10523000ffffffffffffffffffffffffffffffff7e
:10524000ffffffffffffffffffffffffffffffff6e
:10525000ffffffffffffffffffffffffffffffff5e
:10526000ffffffffffffffffffffffffffffffff4e
:105270007eef714a6f29af31af31af318f299cd6a4
:10528000ffffffffffffffffffffffffffffffff2e
:10529000deff30ce07b5efc5efcde6acc5acacc593
:1052a000ffff8cbdc5ac08b59bf7fffffffffffffd
:1052b000fffffffffffffffffffffffffffffffffe
:1052c000dabd6f29af31af31cf312e215363dfff0c
:1052d000ffffffffffffffffffffffffffffffffde
:1052e000ffffffffffffffffffffffffffffffffce
:1052f000ffffffffffffffffffffffffffffffffbe
:10530000ffffffffffffffffffffffffffffffffad
:10531000ffffffffffffffffffffffffffffffff9d
:10532000ffffffffffffffffffffdfff09ea83e84b
:10533000e4e8c4e8e4e863e84aeaffffffffffffb0
:10534000ffffffffbafea4e8c4e8e4e8c4e8a3e86e
:105350009af6ffffffffffffffffffffffffffffcb
:10536000ffffffffffffffffffffffffffffffff4d
:10537000ffffffffffffffffffffffffffffffff3d
:10538000ffffffffffffffffffffffffffffffff2d
:10539000ffffffffffffffffffffffffffffffff1d
:1053a000ffffffffffffffffffffffffffffffff0d
:1053b000ffff9cd6d0318f29af31af314e21746bb6
:1053c000ffffffffffffffffffffffffffffffffed
:1053d000ffffffff3aef6abd83a4e6acc5acacc5e6
:1053e000ffffadc5c5ace7ac7bf7ffffffffffffdd
:1053f000ffffffffffffffffffffffffffffdfffdd
:10540000d2526f29af31cf314e21b2527eefffff22
:10541000ffffffffffffffffffffffffffffffff9c
:10542000ffffffffffffffffffffffffffffffff8c
:10543000ffffffffffffffffffffffffffffffff7c
:10544000ffffffffffffffffffffffffffffffff6c
:10545000ffffffffffffffffffffffffffffffff5c
:10546000ffffffffffffffffffffcfeb42e805e974
:10547000c4e8c4e8c4e805e942e8f4f4ffffdfff4c
:10548000ffffdfff29ea83e8e4e8c4e8e4e863e833
:105490004aeaffffffffffffffffffffffffffffe6
:1054a000ffffffffffffffffffffffffffffffff0c
:1054b000fffffffffffffffffffffffffffffffffc
:1054c000ffffffffffffffffffffffffffffffffec
:1054d000ffffffffffffffffffffffffffffffffdc
:1054e000ffffffffffffffffffffffffffffffffcc
:1054f000ffffffff3bc6af316f29af31af314e2108
:10550000dabdffffffffffffffffffffffffffff12
:10551000ffffffffffffffffb5de08b583a4adc5aa
:10552000ffff8cbd83a4cec5ffffffffffffffff82
:10553000fffffffffffffffffffffffffffff89ce5
:105540004e21af31af314e21914a3de7ffffffffc2
:10555000ffffffffffffffffffffffffffffffff5b
:10556000ffffffffffffffffffffffffffffffff4b
:10557000ffffffffffffffffffffffffffffffff3b
:10558000ffffffffffffffffffffffffffffffff2b
:10559000ffffffffffffffffffffffffffffffff1b
:1055a000ffffffffffffffffd7f562e8e4e8c4e875
:1055b000c4e8c4e8c4e8e4e8c4e805e93dffffff47
:1055c000ffff31f442e805e9c4e8c4e8c4e8e5e8cf
:1055d00042e8f4f4ffffffffffffffffffffffffc5
:1055e000ffffffffffffffffffffffffffffffffcb
:1055f000ffffffffffffffffffffffffffffffffbb
:10560000ffffffffffffffffffffffffffffffffaa
:10561000ffffffffffffffffffffffffffffbef7e3
:105620009cceffffffffffffffffffffffffffff1e
:10563000ffffdfffffff5bc6d0316f29af316f295e
:1056400031423de7ffffffffffffffffffffffffcf
:10565000ffffffffffffffffffff9cf7adc5acc5de
:10566000ffffcec573d6dfffffffffffffffffff8a
:10567000ffffffffffffffffffffffff7bceaf310d
:105680008f29af314e2151421de7ffffdfffffffa2
:10569000ffffffffffffffffffffffffffff5bceef
:1056a000dfffffffffffffffffffffffffffffff2a
:1056b000fffffffffffffffffffffffffffffffffa
:1056c000ffffffffffffffffffffffffffffffffea
:1056d000ffffffffffffffffffffffffffffffffda
:1056e000ffffffffffff3dff46e9a3e8e4e8c4e852
:1056f000c4e8c4e8c4e8c4e8e4e863e88bea3cff33
:1057000096f5a3e8c4e8c4e8c4e8c4e8c4e8e4e85b
:10571000c4e805e93dffffffffffffffffffffffbd
:10572000ffffffffffffffffffffffffffffffff89
:10573000ffffffffffffffffffffffffffffffff79
:10574000ffffffffffffffffffffffffffffffff69
:10575000ffffffffffffffffffffffffffffd794ec
:105760008f29fddeffffffffffffffffffffffffb2
:10577000ffffffffffffffffdcde103a8f29cf3175
:105780004e21135bbff7ffffffffffffffffffff90
:10579000ffffffffffffffffffffffffffff7befad
:1057a000ffffbef7ffffffffffffffffffffffff52
:1057b000fffffffffffffffffffffdde31426f290d
:1057c000af318f2951425de7ffffffffffffffff72
:1057d000ffffffffffffffffffffffff1bc64e2185
:1057e00099b5ffffffffffffffffffffffffffff79
:1057f000ffffffffffffffffffffffffffffffffb9
:10580000ffffffffffffffffffffffffffffffffa8
:10581000ffffffffffffffffffffffffffffffff98
:10582000ffffffffffff2deb01e825e9c4e8c4e817
:10583000c4e8c4e8c4e8c4e8c4e8e4e883e804e9e8
:10584000a3e8c4e8e4e8c4e8c4e8c4e8c4e8c4e8f9
:10585000e4e863e8cceadfffffffffffffffffffa5
:10586000ffffffffffffffffffffffffffffffff48
:10587000ffffffffffffffffffffffffffffffff38
:10588000ffffffffffffffffffffffffffffffff28
:10589000ffffffffffffffffffffffffbef75142cc
:1058a0002e21914a79addab5b9b5b9b5dab5dabd17
:1058b000dab5b9b5b9b5b9b51abe33636f29af3129
:1058c000af314e21746bdfffffffffffffffffffd4
:1058d000ffffffffffffffffffffffffffffffffd8
:1058e000ffffffffffffffffffffffffffffffffc8
:1058f000ffffffffffffffff1ddf714a6f29af3181
:10590000af316f295363fabdb9b5b9b5b9b5b9b5fa
:10591000b9b5dab5dabddabdfabd58ad30422e21df
:10592000d25affffffffffffffffffffffffffff59
:10593000ffffffffffffffffffffffffffffffff77
:10594000ffffffffffffffffffffffffffffffff67
:10595000ffffffffffffffffffffffffffffffff57
:10596000ffffffffffff39f666e942e805e9e4e8db
:10597000c4e8c4e8c4e8c4e8c4e8c4e8e4e8c4e8a7
:10598000e4e8e4e8c4e8c4e8c4e8c4e8c4e8e4e857
:10599000e5e842e8a7e97dffffffffffffffffff0c
:1059a000ffffffffffffffffffffffffffffffff07
:1059b000fffffffffffffffffffffffffffffffff7
:1059c000ffffffffffffffffffffffffffffffffe7
:1059d000ffffffffffffffffffffffffffffd7946a
:1059e0004e21af316f216f296f296f296f296f29e0
:1059f0006f296f296f296f294e218f29af31af3160
:105a0000af31d0316f2154639eefffffffffffffe7
:105a1000ffffffffffffffffffffffffffffffff96
:105a2000ffffffffffffffffffffffffffffffff86
:105a3000ffffffffffffbcd651426f29d031af31ce
:105a4000af31af318f294e216f296f296f296f290f
:105a50006f296f296f296f216f296f21af314f2176
:105a6000b9b5ffffffffffffffffffffffffffffd6
:105a7000ffffffffffffffffffffffffffffffff36
:105a8000ffffffffffffffffffffffffffffffff26
:105a9000ffffffffffffffffffffffffffffffff16
:105aa000ffffffffffffffff3cffabea42e8a3e879
:105ab000e5e8e4e8e4e8c4e8c4e8c4e8c4e8e4e805
:105ac000c4e8c4e8c4e8c4e8e4e8e4e8e5e8a3e836
:105ad00042e8ecea5dffffffffffffffffffffff74
:105ae000ffffffffffffffffffffffffffffffffc6
:105af000ffffffffffffffffffffffffffffffffb6
:105b0000ffffffffffffffffffffffffffffffffa5
:105b1000ffffffffffffffffffffdfffdfffbef71e
:105b2000d2520e196f294e212e214e214e214e2187
:105b30004e212e214e214e212e212e212e212e218d
:105b40004e214e214e21cd1030423bc6dfffffffdc
:105b5000ffffffffffffffffffffffffffffffff55
:105b6000ffffffffffffffffffffffffffffffff45
:105b7000ffffffffdabd6f29ed184e212e212e21e8
:105b80002e214e212e212e214e214e212e212e213d
:105b90004e214e214e214e214e216f290e19946b1c
:105ba000ffffffffffffffffffffffffffffffff05
:105bb000fffffffffffffffffffffffffffffffff5
:105bc000ffffffffffffffffffffffffffffffffe5
:105bd000ffffffffffffffffffffffffffffffffd5
:105be000ffffffffffffffffffffffff14f587e948
:105bf00042e883e8c4e8e4e8e5e8e4e8e4e8e4e867
:105c0000e4e8e4e8e5e8e4e8c4e863e842e8a8e9b1
:105c100055f5ffffffffffffffffffffffffffff48
:105c2000ffffffffffffffffffffffffffffffff84
:105c3000ffffffffffffffffffffffffffffffff74
:105c4000ffffffffffffffffffffffffffffffff64
:105c5000ffffffffffffffffffffffffffffffff54
:105c60005eeff79cf79cf79c59a539a5f79cf79c2c
:105c700018a559a5d79cf79c59a518a518a559ade5
:105c8000f79cf79c59a538a5b79438a5ffffffffef
:105c9000ffffffffffffffffffffffffffffffff14
:105ca000ffffffffffffffffffffffffffffffff04
:105cb000ffffbff718a539a579adf79cf79c59ad43
:105cc00059a5f79c59ad59adf79cf89c59ad59a50c
:105cd000f89c189d38a59ab518a5f89c79adffffda
:105ce000ffffffffffffffffffffffffffffffffc4
:105cf000ffffffffffffffffffffffffffffffffb4
:105d0000ffffffffffffffffffffffffffffffffa3
:105d1000ffffffffffffffffffffffffffffffff93
:105d2000ffffffffffffffffffffffffffffbeffc4
:105d3000f4f46aeae4e862e842e862e863e883e8e7
:105d400063e862e842e862e8e5e88bea55f5dfffe0
:105d5000ffffffffffffffffffffffffffffffff53
:105d6000ffffffffffffffffffffffffffffffff43
:105d7000ffffffffffffffffffffffffffffffff33
:105d8000ffffffffffffffffffffffffffffffff23
:105d9000ffffffffffffffffbade14a5f3a434ad42
:105da0007defffffffffffff38cebadefffffffff3
:105db0001be717c6ffffffff38ce9df75ceff7c567
:105dc000ffffffff38ce7defffffffff18c638c68d
:105dd000ffffffff3ce734adf3a414a59ad6ffff05
:105de000fbdeb6b5ffffffffffffffff3cef55ad4a
:105df000bef7fffffffff7c517c6ffffffffb6bdea
:105e000058cefffff7c517c6ffffffffd6bd38ce40
:105e1000ffffffff7defd6bdffffffffffffb6b522
:105e20003ce7fffffbe696b5ffffffffffffffff2d
:105e3000ffffffffffffffffffffffffffffffff72
:105e4000ffffffffffffffffffffffffffffffff62
:105e5000ffffffffffffffffffffffffffffffff52
:105e6000ffffffffffffffffffffffffffffffff42
:105e7000fffffffffbf655f510ec0deb8bea6aea2e
:105e80008bea0deb10ec76f51cffffffffffffff29
:105e9000ffffffffffffffffffffffffffffffff12
:105ea000ffffffffffffffffffffffffffffffff02
:105eb000fffffffffffffffffffffffffffffffff2
:105ec000ffffffffffffffffffffffffffffffffe2
:105ed000fffffffffffffffff08362104952a6396b
:105ee000c7391ce7ffff5def82188631bef7ffff61
:105ef000718c000059ceffff663196b514a50000e5
:105f000038c6ffff863114a5ffff9ef7452965318e
:105f1000bef7ffff96b54108284a0842e42059ce53
:105f200055ad2529dfffffffdfffffff318c0000ac
:105f300096b5ffff5defe42061105defbbde000072
:105f4000284a7def0429a2189ef779ce0000e73990
:105f5000bff7ffffae7b0000d7bdffff9ef7042118
:105f6000ec62ffff14a5c318ffffffffffffffff59
:105f7000ffffffffffffffffffffffffffffffff31
:105f8000ffffffffffffffffffffffffffffffff21
:105f9000ffffffffffffffffffffffffffffffff11
:105fa000ffffffffffffffffffffffffffffffff01
:105fb000fffffffffffffffffffffffffffffffff1
:105fc000ffffffffffffffffffffffffffffffffe1
:105fd000ffffffffffffffffffffffffffffffffd1
:105fe000ffffffffffffffffffffffffffffffffc1
:105ff000ffffffffffffffffffffffffffffffffb1
:10600000ffffffffffffffffffffffffffffffffa0
:10601000ffffffffffffffffcf83aa52ffff7defd0
:106020002429f7bdfffff3a486316531f7bdffffdb
:10603000d39c41088a52ffff0842b6b575b52000cf
:106040006952ffff284a55adffff75b5a639863165
:1060500055adffff75b56531ffffffff284a308c56
:10606000b6b5a639dfffffffffffbef7294a86312d
:10607000cb5affff5def08424529f7c576b5a21858
:10608000eb5a7def2842e32059ce14a5e420aa5212
:10609000ffff9ef7c741a6390c63ffff9ef708423a
:1060a00041089ad6b6b54529ffffffffffffffff66
:1060b000ffffffffffffffffffffffffdfffffff10
:1060c000ffffffffffffffffffffffffffffffffe0
:1060d000ffffffffffffffffffffffffffffffffd0
:1060e000ffffffffffffffffffffffffffffffffc0
:1060f000ffffffffffffffffffffffffffffffffb0
:10610000ffffffffffffffffffffffffffffffff9f
:10611000ffffffffffffffffffffffffffffffff8f
:10612000ffffffffffffffffffffffffffffffff7f
:10613000ffffffffffffffffffffffffffffffff6f
:10614000ffffffffffffffffffffffffffffffff5f
:10615000ffffffffffffffff318cc318494a4529ae
:106160008a52dfffffff494a55ad10842c63ffffc1
:10617000518c694aa73914a58a52b6b514a5084aa4
:10618000e741f3a48a5234adffff8a52d39cb29cfc
:106190006952ffffb6b5c3206d6b4d6ba63959ce62
:1061a00075ad8631dfffffffffffb6bd0842dbdec6
:1061b00065311ce79ef7084aab5a3084cf7b494ac9
:1061c000cb5a5def494a284a518cae7b69526952dd
:1061d000ffff55ad284abad645293ce7dfff284adc
:1061e0006952aa5a55ad4529ffffffffffffffff88
:1061f000ffffffffffffffffffffffffffffffffaf
:10620000ffffffffffffffffffffffffffffffff9e
:10621000ffffffffffffffffffffffffffffffff8e
:10622000ffffffffffffffffffffffffffffffff7e
:10623000ffffffffffffffffffffffffffffffff6e
:10624000ffffffffffffffffffffffffffffffff5e
:10625000ffffffffffffffffffffffffffffffff4e
:10626000ffffffffffffffffffffffffffffffff3e
:10627000ffffffffffffffffffffffffffffffff2e
:10628000ffffffffffffffffffffffffffffffff1e
:10629000ffffffffffffffff1084e739f7c555ad94
:1062a000a63996b55defa318ae7bcb5a2429dfff44
:1062b000718c4d6b75ad6531a739f7bdd39ccb6241
:1062c000d7bd45318639b6b59ef7c3184d6b4d6bba
:1062d000c3189ef7d7bd0421718ca2181084ffff4c
:1062e00014a5a639dfffffffffff2c6b4529929411
:1062f000a218b294dfffc741b29408428a52ef83da
:106300008a527def284a1084284a69523084294aeb
:10631000ffff0c63a6397194a218f3a4ffffa639fe
:1063200018c66952284ac739ffffffffffffffff6a
:10633000fffffffffffffffffffffbdef39c5defb3
:10634000ffffffffffffffffffffbad6b6b5ffff5e
:10635000ffffffffffffffffffffffffffffffff4d
:10636000ffffffffffffffffffffffffffffffff3d
:10637000ffffffffffffffffffffffffffffffff2d
:10638000dfffdfffdfffdfffdfffffffffffffffbd
:10639000ffffffffffffffffffffffffffffffff0d
:1063a000ffffffffffffffffffffffffdfffffff1d
:1063b000ffffffffffffffffffffffffffffffffed
:1063c000ffffffffffffffffffffffffffffffffdd
:1063d000ffffffffffffffffcf7b494affff7def7e
:1063e0002529518cb29c25290c630c63e32096b5ba
:1063f000d39caa52ffff8a52000038c6d39c494a58
:10640000ffffcb5a000059ce34ade3200c630c6380
:10641000042114a518c60429ffff55ad82181ce7f6
:1064200055ad8631deffffff5def6529aa5aec62ac
:10643000294a08425defa63918c64529284a34add5
:10644000294a7defc73996b50421695234ad284aef
:106450001ce76531aa5a0c63e841294adfff8631ff
:106460009ad618c62008c739ffffffffffffffffbe
:10647000ffffffffffffffffffff69520000e74143
:106480009ef7ffffdfffffff59cec31820083084bf
:10649000ffffffffffffffffffffffffffffffff0c
:1064a000fffffffffffffffffffffffffffffffffc
:1064b000ffffffffffffffffffffffffffffffffec
:1064c000ffffffffffffffffffffffffffffffffdc
:1064d000ffffffffffffffffffffffffffffffffcc
:1064e000ffffffffffffffffffffffffffffffffbc
:1064f000ffffffffffffffffffffffffffffffffac
:10650000ffffffffffffffffffffffffffffffff9b
:10651000ffffffffffffffff7194a31886312529be
:10652000294a1ce7e841b39cffffffff8e73eb6233
:10653000b29ccb5affff79cea21818c6f3a46952b9
:10654000ffff9ad6c320d7bdaa521084ffffffffda
:10655000718c6952b6b56631bef7ffff8a522c6b5b
:1065600055adc739bef7ffff14a5a639ffffffffe2
:106570003ce7452996b50842dbde69528e73d7bdec
:10658000494a9ef7c73979ce6a52cf7bb6b58a524f
:10659000d39ce741fffffffffbde252918c6084219
:1065a00038c6ffffab5a8631ffffffffffffffff3b
:1065b000ffffffffffffffff7def65290421611053
:1065c0001084ffffdfffffff694aa218c318284aa3
:1065d000ffff7def96b579ceffff9ef775ad34a531
:1065e00034a534a534a514a55def3ce7f39c34a590
:1065f00014a514a534a5f4a459ceffffffff75ad73
:10660000518c719471947194718c18c6ffffffffc7
:1066100059ce14a534a534a534a514a5d7bdffffc4
:10662000b6b514a57ef7ffffffff1ce7d39cf7bdaf
:10663000dfffb6b559ceffff18c6b6b5b7bdb6bdbc
:10664000b6bdb6b5f7bddfffffffffffffffffffe2
:10665000ffffffffffffffffbef71ce71ce7fbdeae
:10666000ffffffff3cefffffffffffffffff7def9f
:106670009ef79ef7ffffffff5defdfffbef77defa9
:10668000ffffffff9ef7bef77defffffffffffff5e
:10669000dfff7defdfff1ce7fffffffffffffbe6f4
:1066a000bef79ef7ffffffffbef7bef7ffffffff3e
:1066b000ffff5def9ef75defffff9ef7bef7dfff89
:1066c0005defffff3ce7ffff9ef79ef7dfff3cef2c
:1066d0005def7defffffffffffff3ce7ffff7def7b
:1066e000dfffffff9ef75deffffffffffffffffff5
:1066f000ffffffffffffffffbad6e3200421e420e6
:10670000c31879d6ffff34ad62100421c318863157
:10671000ffff59ce00000c63dfff284a2008410824
:106720006110410862100000718cf7bd00008210fa
:1067300061106110611041108210fbde9294000024
:1067400041086110611061104108611059ceb6b561
:1067500041084108611041086110410882105def55
:10676000084220083ce7ffffffff38c60000aa5a96
:106770001ce70000494affff6531410882106110a3
:106780006110611041082c63ffffffffffffffff57
:10679000ffffffffffffffffbef79ef77defffff4d
:1067a0005deffffffce659ce9ef779ce9ad6dbde91
:1067b0009ef71ce779ce79ce3ce79ef7ffff5defb1
:1067c000bad679cedbde5def9ad659cebef7ffffa3
:1067d000ffff59cedbdefffffbde38c6fbe6ffff27
:1067e0001ce79ad679ce5defbad659ce9ef7dfff79
:1067f00018c67defdfff9ef7bef77def5defffff71
:106800009ef7dfffdfff18c67defffff5defffffa5
:10681000ffffbef718c63ce7ffffbef718c65defe7
:106820007def9ef7ffff1ce7ffffffffffffffff6e
:10683000fffffffffffffffff7bd6110aa5a2d6b9f
:106840000008aa5a7defa63961108e738631a2180e
:106850005def9ad621088e733ce78210a73918c6df
:106860009ad679ce9ad659ce5defb6b520009294dd
:106870007def3ce75def10840000f7bdae732008ac
:10688000518cdbdebad6dbde4d6b0000f39c10844e
:106890000000ef839ad679ce9ad69ad69ad6dfffa1
:1068a000494ac31875b538c638ced39c6110ec621e
:1068b0003ce76210aa5affff8631c7395def3ce71b
:1068c0005deffbde65312529ffffffffffffffffc7
:1068d000ffffffffffffffff75b5718c695296b593
:1068e00014a514a50c63ae7b75adef83c73914a551
:1068f000ef8355ad494a4d6b7194518cfbde4d6b66
:1069000014a5a631b29c10840c63718c5defffff5f
:10691000308c6d73ec62f7bd2c6bcf7bb6bdffff87
:10692000b6b50842ae7314a5494a518cbad6108444
:106930008e73ef7bd39c55adbad630842c63b29462
:1069400014a5d7bd8e73cf7b2c6bd7bdef83ffff14
:10695000bef74d6bcf7b0c63bad66d731084108479
:10696000b6b5ef7bf39c1084ffffffffffffffff37
:10697000ffffffffffffffffd39c00006d731ce7cd
:10698000c3180421494aa218a6317def08424108e4
:106990009ad6bad620088e735def82100c63ffff83
:1069a000ffffffffffffffffffff96b520088e737d
:1069b00055ad14a555adeb5aa218fbdeae7b000019
:1069c000f7bdffffffffffff718c000034a5518c66
:1069d000000059ceffffffffffffffffffffffff9c
:1069e000284aa21841080008000861108210cb5afa
:1069f0003ce761108a52ffff8631653118c618c620
:106a000038c696b504212429ffffffffffffffffd3
:106a1000ffffffffffffffff96b5718c6d73eb5a11
:106a2000308c38c6cf7bae7bfbde5defcf7bffffcc
:106a30008e73dfffb29479ce18c6308c3de76d6b54
:106a4000ffff4d6bffff71940c63d39cdfff9ef73c
:106a5000eb62ffff38ce8e736e738e739ad6ffff94
:106a6000ffff518cfbde59ce284a718cf7bd8e7327
:106a7000ffffffff75ad6a52eb5a10843084aa5aab
:106a80001084518cae73ffffd39c8e737194ffff03
:106a900059ce4d6bffffd39c4d6b92949ef7d39cc8
:106aa000bef730848a52bef7fffffffffffffffff4
:106ab000ffffffffffffffffef7b2008ef7bffffe4
:106ac0008e7361100421611034a5ffff8a522000eb
:106ad00096b5dbde20088e733ce782106a52bef763
:106ae000bef7bef7bef7bef7dfff96b58210c3183c
:106af00041104110411041100842bef74d6b000893
:106b000055addfff9ef7bef7ef7b0000f39c3084ae
:106b1000000096b5ffffdfffffffffffdfffffff76
:106b2000494ac318518cd39cf39cef836110eb62ec
:106b30003ce76110aa5affffc739c31882106210e0
:106b400062106210a2181084ffffffffffffffff1b
:106b5000ffffffffffffffff75adcf7b71949294a6
:106b6000863196b596b5ae7330841ce72c63dfff93
:106b70004d6b7df71084d7bdf7bd6d7318c66d6b77
:106b8000dfffcb5abef73084518c79cebef7bef70b
:106b9000eb5a9ad6b29410846d73f7bd7defdfff88
:106ba000dfffcf7b79ced7bdcb5a79ce9ad60c6397
:106bb000bad634a59294518c75adae73719434a548
:106bc000452914a50c63fbde8e73308caf7b5def23
:106bd0009ad6ab5afbde8e7392948e7338c685318b
:106be0009ad6f7bd308cffffffffffffffffffffcf
:106bf000ffffffffffffffff8a520000d39cffff54
:106c00005defa6396108aa52dfffffff0c630000a9
:106c10001084dbde00002c6b7defe4206210452940
:106c2000653165318631c318308cf7bd00001084a2
:106c30001ce7bbdefbdeec620000bad6108400006d
:106c40000421653165316531e320000096b5d39ca0
:106c500000002429a639a639a639a63986311ce7b1
:106c6000284241085defffffffff59ce0000aa5afe
:106c70001ce70000494affff45292429dbdefbde33
:106c8000fbdedbde1ce7ffffffffffffffffffff79
:106c9000ffffffffffffffff79ce96b5b6b5dfff21
:106ca0009294dbde3084ef7b1ce79ef714a5ffff98
:106cb00014a5ffffb7bd9ad6ffff318c6d73fbdec5
:106cc000ffffd39cffffb6bdcf7b71947defffff2d
:106cd0009ad66e73518c9ef714a5ffffffffffff3e
:106ce000ffff75b53cef1ce78e73518cdbde38ceb1
:106cf0002d6b96b559ce79ce7def75adb6b5dfff6c
:106d0000b2941ce718c64d6b14a59ef7ef7bef7b82
:106d10009ad6f7bd4d6bf39cffff96b5ae7bd39c27
:106d2000ffffbad6f7bdffffffffffffffffffff2b
:106d3000ffffffffffffffffae7baa5a59ceffff09
:106d4000ffff3ce776b59ef7ffffffff34a5694ada
:106d5000f39c1ce78a529294ffffb6b5eb62eb629c
:106d6000cb5acb5aeb628a5218c6bad6694a18c6b1
:106d7000ffffffffffff75ad694a1ce75def8e73f4
:106d8000eb5aeb5acb5aeb5aeb5a518cdfff9ef77a
:106d9000ef7bcb5a8a526a52494a08420c63bef7cb
:106da0001084cb5a3ce7dfffdfff9ad68a527194fa
:106db0007defaa5a3084ffff6e736d73fffffffff4
:106dc000ffffffffffffffffffffffffffffffffd3
:106dd000ffffffffffffffffdbde75adb6b596b52a
:106de000b6b5b6b5b6b596b5b6b595b5b6b595b5ad
:106df000b6b595b5b6b596b596b5b6b596b5b6b5bc
:106e000075ad96b575ad96b595b575ad95b595b5a8
:106e1000d6bd96b5b6b596b5b6b575ad75ad95b5e5
:106e200075ad96b596b596b596b575ad75add6bd3d
:106e300096b5d7bd96b596b595b596b596b596b5b2
:106e4000b6b575b5d7bd95b5d7bd96b596b575ad83
:106e500075add7bd95b5d7bd95b5d7bd75add6bd0b
:106e600096b596b596b5f7bdffffffffffffffff95
:106e7000ffffffffffffffffffffffffffffffff22
:106e8000ffffffffffffffffffffffffffffffff12
:106e9000ffffffffffffffffffffffffffffffff02
:106ea000fffffffffffffffffffffffffffffffff2
:106eb000ffffffffffffffffffffffffffffffffe2
:106ec000ffffffffffffffffffffffffffffffffd2
:106ed000ffffffffffffffffffffffffffffffffc2
:106ee000ffffffffffffffffffffffffffffffffb2
:106ef000ffffffffffffffffffffffffffffffffa2
:106f0000ffffffffffffffffffffffffffffffff91
:106f1000ffffffffffffffff9ef73ce73ce73ce77b
:106f20003ce73ce73ce73ce73ce73ce73ce73ce749
:106f30003ce73ce73ce73ce73ce73ce73ce75def10
:106f40005def7def5def3ce73ce73ce73ce73ce78e
:106f50003ce73ce73ce73ce73ce73ce73ce73ce719
:106f60005def3ce73ce73ce77def3ce73ce73ce797
:106f70003ce73ce73ce73ce73ce73ce73ce73ce7f9
:106f80003ce77def3ce73ce73ce73ce73ce73ce7a0
:106f90003ce73ce73ce73ce73ce73ce73ce73ce7d9
:106fa0003ce73ce73ce75defffffffffffffffff34
:106fb000ffffffffffffffffffffffffffffffffe1
:106fc000ffffffffffffffffffffffffffffffffd1
:106fd000ffffffffffffffffffffffffffffffffc1
:106fe000ffffffffffffffffffffffffffffffffb1
:106ff000ffffffffffffffffffffffffffffffffa1
:10700000ffffffffffffffffffffffffffffffff90
:10701000ffffffffffffffffffffffffffffffff80
:10702000ffffffffffffffffffffffffffffffff70
:10703000ffffffffffffffffffffffffffffffff60
:10704000ffffffffffffffffffffffffffffffff50
:10705000ffffffffffffffffffffffffffffffff40
:10706000ffffffffffffffffffffffffffffffff30
:10707000ffffffffffffffffffffffffffff1ce71b
:10708000d7bdd7bd9ef7ffffffffffffffffffff4d
:10709000ffffffffffffffffffffffffffffffff00
:1070a000fbdedfffffffbef7d39cffffffffffff0d
:1070b000ffffffffffffffffffffffffffffffffe0
:1070c0003ce775b5ffffffffffffffffffffffff7f
:1070d000ffffffffffffffffffffffffffffffffc0
:1070e000ffffffffffffffffffffffffffffffffb0
:1070f000ffffffffffffffffffffffffffffffffa0
:10710000ffffffffffffffffffffffffffffffff8f
:10711000ffffffffffffffffffffffffffffffff7f
:10712000ffffffffffffffffffffffffffffffff6f
:10713000ffffffffffffffffffffffffffffffff5f
:10714000ffffffffffffffffffffffffffffffff4f
:10715000ffffffffffffffffffffffffffffffff3f
:10716000ffffffffffffffffffffffffffffffff2f
:10717000ffffffffffffffffffffffffffffffff1f
:10718000ffffffffffffffffffffffffffffffff0f
:10719000ffffffffffffffffffffffffffffffffff
:1071a000ffffffffffffffffffffffffffffffffef
:1071b000ffffffffffffffffffffffff9ef7ef83d4
:1071c000ffffd7bddbdedbde59ceffffbef7ffffe3
:1071d000ffffffffffffffffffffffffffffffffbf
:1071e000aa5ad7bdffff9ef7eb5a9ef7ffffffff9e
:1071f000ffffdfffffffffffbef7ffffffffffff08
:10720000dbde318cffffffffffffffffffffffff14
:10721000ffffffffffffffffffffffffffffffff7e
:10722000ffffffffffffffffffffffffffffffff6e
:10723000ffffffffffffffffffffffffffffffff5e
:10724000ffffffffffffffffffffffffffffffff4e
:10725000ffffffffffffffffffffffffffffffff3e
:10726000ffffffffffffffffffffffffffffffff2e
:10727000ffffffffffffffffffffffffffffffff1e
:10728000ffffffffffffffffffffffffffffffff0e
:10729000fffffffffffffffffffffffffffffffffe
:1072a000ffffffffffffffffffffffffffffffffee
:1072b000ffffffffffffffffffffffffffffffffde
:1072c000ffffffffffffffffffffffffffffffffce
:1072d000ffffffffffffffffffffffffffffffffbe
:1072e000ffffffffffffffffffffffffffffffffae
:1072f000ffffffffffffffffffffffffdfff4d6b04
:107300001084dffffffff08314a579d655ad55ad8e
:10731000fbe6518cffffd7bd1ce7ffffffff1ce71b
:10732000b29c1084ffffbfff6d6bd39cf39cdfff0b
:1073300079cef39c38c618c634a5d7bddffff7bd9c
:1073400034a51084ffffffffffffffffffffffffdc
:10735000ffffffffffffffffffffffffffffffff3d
:10736000ffffffffffffffffffffffffffffffff2d
:10737000ffffffffffffffffffffffffffffffff1d
:10738000ffffffffffffffffffffffffffffffff0d
:10739000fffffffffffffffffffffffffffffffffd
:1073a000ffffffffffffffffffffffffffffffffed
:1073b000ffffffffffffffffffffffffffffffffdd
:1073c000ffffffffffffffffffffffffffffffffcd
:1073d000ffffffffffffffffffffffffffffffffbd
:1073e000ffffffffffffffffffffffffffffffffad
:1073f000ffffffffffffffffffffffffffffffff9d
:10740000ffffffffffffffffffffffffffffffff8c
:10741000ffffffffffffffffffffffffffffffff7c
:10742000ffffffffffffffffffffffffffffffff6c
:10743000ffffffffffffffffffffffffffffbef7a5
:107440006d73494a5def34a5f7bd9ad638c64d6bca
:107450009ef710849ad6f7c5bef7ffffffff34a54d
:107460009ad6eb621ce7ffff2c631ce7518cd7bd5b
:1074700034add7bd14a538ced7bd308496b575ad23
:107480009ef7308cffffffffffffffffffffffffb7
:10749000fffffffffffffffffffffffffffffffffc
:1074a000ffffffffffffffffffffffffffffffffec
:1074b000ffffffffffffffffffffffffffffffffdc
:1074c000ffffffffffffffffffffffffffffffffcc
:1074d000ffffffffffffffffffffffffffffffffbc
:1074e000ffffffffffffffffffffffffffffffffac
:1074f000ffffffffffffffffffffffffffffffff9c
:10750000ffffffffffffffffffffffffffffffff8b
:10751000ffffffffffffffffffffffffffffffff7b
:10752000ffffffffffffffffffffffffffffffff6b
:10753000ffffffffffffffffffffffffffffffff5b
:10754000ffffffffffffffffffffffffffffffff4b
:10755000ffffffffffffffffffffffffffffffff3b
:10756000ffffffffffffffffffffffffffffffff2b
:10757000ffffffffffffffffffffffffbef73ce73f
:10758000ffff9294729475adf7bd18c618c6af7b15
:10759000dfff9ad62c63bad6ffffffff7def75adf4
:1075a000bad6518cd39cffff2c6bbef7f39c14a56d
:1075b0007294ffff7def96b538c6b29c718c34a5ee
:1075c000ffff518cffffffffffffffffffffffffec
:1075d000ffffffffffffffffffffffffffffffffbb
:1075e000ffffffffffffffffffffffffffffffffab
:1075f000ffffffffffffffffffffffffffffffff9b
:10760000ffffffffffffffffffffffffffffffff8a
:10761000ffffffffffffffffffffffffffffffff7a
:10762000ffffffffffffffffffffffffffffffff6a
:10763000ffffffffffffffffffffffffffffffff5a
:10764000ffffffffffffffffffffffffffffffff4a
:10765000ffffffffffffffffffffffffffffffff3a
:10766000ffffffffffffffffffffffffffffffff2a
:10767000ffffffffffffffffffffffffffffffff1a
:10768000ffffffffffffffffffffffffffffffff0a
:10769000fffffffffffffffffffffffffffffffffa
:1076a000ffffffffffffffffffffffffffffffffea
:1076b000ffffffffffffffffffffffffbef7b39cd2
:1076c00079ce55ad9ad675b5729430849294ae73d6
:1076d0009ad6ffff308c5deffffffffff3a459ce7a
:1076e000ffff79d68a52dbde2c63dbdecf7b9ad6b6
:1076f0004d6bae739ad6cf7b14a5ae7338c66d6b47
:1077000075adaf7bdfffffffffffffffffffffff59
:10771000ffffffffffffffffffffffffffffffff79
:10772000ffffffffffffffffffffffffffffffff69
:10773000ffffffffffffffffffffffffffffffff59
:10774000ffffffffffffffffffffffffffffffff49
:10775000ffffffffffffffffffffffffffffffff39
:10776000ffffffffffffffffffffffffffffffff29
:10777000ffffffffffffffffffffffffffffffff19
:10778000ffffffffffffffffffffffffffffffff09
:10779000fffffffffffffffffffffffffffffffff9
:1077a000ffffffffffffffffffffffffffffffffe9
:1077b000ffffffffffffffffffffffffffffffffd9
:1077c000ffffffffffffffffffffffffffffffffc9
:1077d000ffffffffffffffffffffffffffffffffb9
:1077e000ffffffffffffffffffffffffffffffffa9
:1077f000ffffffffffffffffffffffffffffbef7e2
:107800001ce73ce7ffffdfff5defdfff3ce79ef794
:107810007ef7bad638c6ffffffffffff3ce77defdc
:10782000ffff9ef71ce75def5def7def1ce7ffffbd
:10783000bef7badeffff9ef73ce77defffff7def6f
:107840001ce79ef7ffffffffffffffffffffffffac
:10785000ffffffffffffffffffffffffffffffff38
:10786000ffffffffffffffffffffffffffffffff28
:10787000ffffffffffffffffffffffffffffffff18
:10788000ffffffffffffffffffffffffffffffff08
:10789000fffffffffffffffffffffffffffffffff8
:1078a000ffffffffffffffffffffffffffffffffe8
:1078b000ffffffffffffffffffffffffffffffffd8
:1078c000ffffffffffffffffffffffffffffffffc8
:1078d000ffffffffffffffffffffffffffffffffb8
:1078e000ffffffffffffffffffffffffffffffffa8
:1078f000ffffffffffffffffffffffffffffffff98
:10790000ffffffffffffffffffffffffffffffff87
:10791000ffffffffffffffffffffffffffffffff77
:10792000ffffffffffffffffffffffffffffffff67
:10793000ffffffffffffffffffffffffffffffff57
:10794000ffffffffffffffffffffffffffffffff47
:10795000fbde8e735defffffffffffffffffffff0b
:10796000ffffffffffffffffffffffffffffffff27
:10797000ffffffffffffffffffffffffffffffff17
:10798000ffffffffffffffffffffffffffffffff07
:10799000fffffffffffffffffffffffffffffffff7
:1079a000ffffffffffffffffffffffffffffffffe7
:1079b000ffffffffffffffffffffffffffffffffd7
:1079c000ffffffffffffffffffffffffffffffffc7
:1079d000ffffffffffffffffffffffffffffffffb7
:1079e000ffffffffffffffffffffffffffffffffa7
:1079f000ffffffffffffffffffffffffffffffff97
:107a0000ffffffffffffffffffffffffffffffff86
:107a1000ffffffffffffffffffffffffffffffff76
:107a2000ffffffffffffffffffffffffffffffff66
:107a3000ffffffffffffffffffffffffffffffff56
:107a4000ffffffffffffffffffffffffffffffff46
:107a5000ffffffffffffffffffffffffffffffff36
:107a6000ffffffffffffffffffffffffffffffff26
:107a7000ffffffffffffffffffffffffffffffff16
:107a8000ffffffffffffffffffffffffffffffff06
:107a9000fffffffffffffffffffffffffffffffff6
:107aa000ffffffffffffffffffffffffffffffffe6
:107ab000ffffffffffffffffffffffffffffffffd6
:107ac000ffffffffffffffffffffffffffffffffc6
:107ad000ffffffffffffffffffffffffffffffffb6
:107ae000ffffffffffffffffffffffffffffffffa6
:107af000ffffffffffffffffffffffffffffffff96
:107b0000ffffffffffffffffffffffffffffffff85
:107b1000ffffffffffffffffffffffffffffffff75
:107b2000ffffffffffffffffffffffffffffffff65
:107b3000ffffffffffffffffffffffffffffffff55
:107b4000ffffffffffffffffffffffffffffffff45
:107b5000ffffffffffffffffffffffffffffffff35
:107b6000ffffffffffffffffffffffffffffffff25
:107b7000ffffffffffffffffffffffffffffffff15
:107b8000ffffffffffffffffffffffffffffffff05
:107b9000fffffffffffffffffffffffffffffffff5
:107ba000ffffffffffffffffffffffffffffffffe5
:107bb000ffffffffffffffffffffffffffffffffd5
:107bc000ffffffffffffffffffffffffffffffffc5
:107bd000ffffffffffffffffffffffffffffffffb5
:107be000ffffffffffffffffffffffffffffffffa5
:107bf000ffffffffffffffffffffffffffffffff95
:107c0000ffffffffffffffffffffffffffffffff84
:107c1000ffffffffffffffffffffffffffffffff74
:107c2000ffffffffffffffffffffffffffffffff64
:107c3000ffffffffffffffffffffffffffffffff54
:107c4000ffffffffffffffffffffffffffffffff44
:107c5000ffffffffffffffffffffffffffffffff34
:107c6000ffffffffffffffffffffffffffffffff24
:107c7000ffffffffffffffffffffffffffffffff14
:107c8000ffffffffffffffffffffffffffffffff04
:107c9000fffffffffffffffffffffffffffffffff4
:107ca000ffffffffffffffffffffffffffffffffe4
:107cb000ffffffffffffffffffffffffffffffffd4
:107cc000ffffffffffffffffffffffffffffffffc4
:107cd000ffffffffffffffffffffffffffffffffb4
:107ce000ffffffffffffffffffffffffffffffffa4
:107cf000ffffffffffffffffffffffffffffffff94
:107d0000ffffffffffffffffffffffffffffffff83
:107d1000ffffffffffffffffffffffffffffffff73
:107d2000ffffffffffffffffffffffffffffffff63
:107d3000ffffffffffffffffffffffffffffffff53
:107d4000ffffffffffffffffffffffffffffffff43
:107d5000ffffffffffffffffffffffffffffffff33
:107d6000ffffffffffffffffffffffffffffffff23
:107d7000ffffffffffffffffffffffffffffffff13
:107d8000ffffffffffffffffffffffffffffffff03
:107d9000fffffffffffffffffffffffffffffffff3
:107da000ffffffffffffffffffffffffffffffffe3
:107db000ffffffffffffffffffffffffffffffffd3
:107dc000ffffffffffffffffffffffffffffffffc3
:107dd000ffffffffffffffffffffffffffffffffb3
:107de000ffffffffffffffffffffffffffffffffa3
:107df000ffffffffffffffffffffffffffffffff93
:107e0000ffffffffffffffffffffffffffffffff82
:107e1000ffffffffffffffffffffffffffffffff72
:107e2000ffffffffffffffffffffffffffffffff62
:107e3000ffffffffffffffffffffffffffffffff52
:107e4000ffffffffffffffffffffffffffffffff42
:107e5000ffffffffffffffffffffffffffffffff32
:107e6000ffffffffffffffffffffffffffffffff22
:107e7000ffffffffffffffffffffffffffffffff12
:107e8000ffffffffffffffffffffffffffffffff02
:107e9000fffffffffffffffffffffffffffffffff2
:107ea000ffffffffffffffffffffffffffffffffe2
:107eb000ffffffffffffffffffffffffffffffffd2
:107ec000ffffffffffffffffffffffffffffffffc2
:107ed000ffffffffffffffffffffffffffffffffb2
:107ee000ffffffffffffffffffffffffffffffffa2
:107ef000ffffffffffffffffffffffffffffffff92
:107f0000ffffffffffffffffffffffffffffffff81
:107f1000ffffffffffffffffffffffffffffffff71
:107f2000ffffffffffffffffffffffffffffffff61
:107f3000ffffffffffffffffffffffffffffffff51
:107f4000ffffffffffffffffffffffffffffffff41
:107f5000ffffffffffffffffffffffffffffffff31
:107f6000ffffffffffffffffffffffffffffffff21
:107f7000ffffffffffffffffffffffffffffffff11
:107f8000ffffffffffffffffffffffffffffffff01
:107f9000fffffffffffffffffffffffffffffffff1
:107fa000ffffffffffffffffffffffffffffffffe1
:107fb000ffffffffffffffffffffffffffffffffd1
:107fc000ffffffffffffffffffffffffffffffffc1
:107fd000ffffffffffffffffffffffffffffffffb1
:107fe000ffffffffffffffffffffffffffffffffa1
:107ff000ffffffffffffffffffffffffffffffff91
:10800000ffffffffffffffffffffffffffffffff80
:10801000ffffffffffffffffffffffffffffffff70
:10802000ffffffffffffffffffffffffffffffff60
:10803000ffffffffffffffffffffffffffffffff50
:10804000ffffffffffffffffffffffffffffffff40
:10805000ffffffffffffffffffffffffffffffff30
:10806000ffffffffffffffffffffffffffffffff20
:10807000ffffffffffffffffffffffffffffffff10
:10808000ffffffffffffffffffffffffffffffff00
:10809000fffffffffffffffffffffffffffffffff0
:1080a000ffffffffffffffffffffffffffffffffe0
:1080b000ffffffffffffffffffffffffffffffffd0
:1080c000ffffffffffffffffffffffffffffffffc0
:1080d000ffffffffffffffffffffffffffffffffb0
:1080e000ffffffffffffffffffffffffffffffffa0
:1080f000ffffffffffffffffffffffffffffffff90
:10810000ffffffffffffffffffffffffffffffff7f
:10811000ffffffffffffffffffffffffffffffff6f
:10812000ffffffffffffffffffffffffffffffff5f
:10813000ffffffffffffffffffffffffffffffff4f
:10814000ffffffffffffffffffffffffffffffff3f
:10815000ffffffffffffffffffffffffffffffff2f
:10816000ffffffffffffffffffffffffffffffff1f
:10817000ffffffffffffffffffffffffffffffff0f
:10818000ffffffffffffffffffffffffffffffffff
:10819000ffffffffffffffffffffffffffffffffef
:1081a000ffffffffffffffffffffffffffffffffdf
:1081b000ffffffffffffffffffffffffffffffffcf
:1081c000ffffffffffffffffffffffffffffffffbf
:1081d000ffffffffffffffffffffffffffffffffaf
:1081e000ffffffffffffffffffffffffffffffff9f
:1081f000ffffffffffffffffffffffffffffffff8f
:10820000ffffffffffffffffffffffffffffffff7e
:10821000ffffffffffffffffffffffffffffffff6e
:10822000ffffffffffffffffffffffffffffffff5e
:10823000ffffffffffffffffffffffffffffffff4e
:10824000ffffffffffffffffffffffffffffffff3e
:10825000ffffffffffffffffffffffffffffffff2e
:10826000ffffffffffffffffffffffffffffffff1e
:10827000ffffffffffffffffffffffffffffffff0e
:10828000fffffffffffffffffffffffffffffffffe
:10829000ffffffffffffffffffffffffffffffffee
:1082a000ffffffffffffffffffffffffffffffffde
:1082b000ffffffffffffffffffffffffffffffffce
:1082c000ffffffffffffffffffffffffffffffffbe
:1082d000ffffffffffffffffffffffffffffffffae
:1082e000ffffffffffffffffffffffffffffffff9e
:1082f000ffffffffffffffffffffffffffffffff8e
:10830000ffffffffffffffffffffffffffffffff7d
:10831000ffffffffffffffffffffffffffffffff6d
:10832000ffffffffffffffffffffffffffffffff5d
:10833000ffffffffffffffffffffffffffffffff4d
:10834000ffffffffffffffffffffffffffffffff3d
:10835000ffffffffffffffffffffffffffffffff2d
:10836000ffffffffffffffffffffffffffffffff1d
:10837000ffffffffffffffffffffffffffffffff0d
:10838000fffffffffffffffffffffffffffffffffd
:10839000ffffffffffffffffffffffffffffffffed
:1083a000ffffffffffffffffffffffffffffffffdd
:1083b000ffffffffffffffffffffffffffffffffcd
:1083c000ffffffffffffffffffffffffffffffffbd
:1083d000ffffffffffffffffffffffffffffffffad
:1083e000ffffffffffffffffffffffffffffffff9d
:1083f000ffffffffffffffffffffffffffffffff8d
:10840000ffffffffffffffffffffffffffffffff7c
:10841000ffffffffffffffffffffffffffffffff6c
:10842000ffffffffffffffffffffffffffffffff5c
:10843000ffffffffffffffffffffffffffffffff4c
:10844000ffffffffffffffffffffffffffffffff3c
:10845000ffffffffffffffffffffffffffffffff2c
:10846000ffffffffffffffffffffffffffffffff1c
:10847000ffffffffffffffffffffffffffffffff0c
:10848000fffffffffffffffffffffffffffffffffc
:10849000ffffffffffffffffffffffffffffffffec
:1084a000ffffffffffffffffffffffffffffffffdc
:1084b000ffffffffffffffffffffffffffffffffcc
:1084c000ffffffffffffffffffffffffffffffffbc
:1084d000ffffffffffffffffffffffffffffffffac
:1084e000ffffffffffffffffffffffffffffffff9c
:1084f000ffffffffffffffffffffffffffffffff8c
:10850000ffffffffffffffffffffffffffffffff7b
:10851000ffffffffffffffffffffffffffffffff6b
:10852000ffffffffffffffffffffffffffffffff5b
:10853000ffffffffffffffffffffffffffffffff4b
:10854000ffffffffffffffffffffffffffffffff3b
:10855000ffffffffffffffffffffffffffffffff2b
:10856000ffffffffffffffffffffffffffffffff1b
:10857000ffffffffffffffffffffffffffffffff0b
:10858000fffffffffffffffffffffffffffffffffb
:10859000ffffffffffffffffffffffffffffffffeb
:1085a000ffffffffffffffffffffffffffffffffdb
:1085b000ffffffffffffffffffffffffffffffffcb
:1085c000ffffffffffffffffffffffffffffffffbb
:1085d000ffffffffffffffffffffffffffffffffab
:1085e000ffffffffffffffffffffffffffffffff9b
:1085f000ffffffffffffffffffffffffffffffff8b
:10860000ffffffffffffffffffffffffffffffff7a
:10861000ffffffffffffffffffffffffffffffff6a
:10862000ffffffffffffffffffffffffffffffff5a
:10863000ffffffffffffffffffffffffffffffff4a
:10864000ffffffffffffffffffffffffffffffff3a
:10865000ffffffffffffffffffffffffffffffff2a
:10866000ffffffffffffffffffffffffffffffff1a
:10867000ffffffffffffffffffffffffffffffff0a
:10868000fffffffffffffffffffffffffffffffffa
:10869000ffffffffffffffffffffffffffffffffea
:1086a000ffffffffffffffffffffffffffffffffda
:1086b000ffffffffffffffffffffffffffffffffca
:1086c000ffffffffffffffffffffffffffffffffba
:1086d000ffffffffffffffffffffffffffffffffaa
:1086e000ffffffffffffffffffffffffffffffff9a
:1086f000ffffffffffffffffffffffffffffffff8a
:10870000ffffffffffffffffffffffffffffffff79
:10871000ffffffffffffffffffffffffffffffff69
:10872000ffffffffffffffffffffffffffffffff59
:10873000ffffffffffffffffffffffffffffffff49
:10874000ffffffffffffffffffffffffffffffff39
:10875000ffffffffffffffffffffffffffffffff29
:10876000ffffffffffffffffffffffffffffffff19
:10877000ffffffffffffffffffffffffffffffff09
:10878000fffffffffffffffffffffffffffffffff9
:10879000ffffffffffffffffffffffffffffffffe9
:1087a000ffffffffffffffffffffffffffffffffd9
:1087b000ffffffffffffffffffffffffffffffffc9
:1087c000ffffffffffffffffffffffffffffffffb9
:1087d000ffffffffffffffffffffffffffffffffa9
:1087e000ffffffffffffffffffffffffffffffff99
:1087f000ffffffffffffffffffffffffffffffff89
:10880000ffffffffffffffffffffffffffffffff78
:10881000ffffffffffffffffffffffffffffffff68
:10882000ffffffffffffffffffffffffffffffff58
:10883000ffffffffffffffffffffffffffffffff48
:10884000ffffffffffffffffffffffffffffffff38
:10885000ffffffffffffffffffffffffffffffff28
:10886000ffffffffffffffffffffffffffffffff18
:10887000ffffffffffffffffffffffffffffffff08
:10888000fffffffffffffffffffffffffffffffff8
:10889000ffffffffffffffffffffffffffffffffe8
:1088a000ffffffffffffffffffffffffffffffffd8
:1088b000ffffffffffffffffffffffffffffffffc8
:1088c000ffffffffffffffffffffffffffffffffb8
:1088d000ffffffffffffffffffffffffffffffffa8
:1088e000ffffffffffffffffffffffffffffffff98
:1088f000ffffffffffffffffffffffffffffffff88
:10890000ffffffffffffffffffffffffffffffff77
:10891000ffffffffffffffffffffffffffffffff67
:10892000ffffffffffffffffffffffffffffffff57
:10893000ffffffffffffffffffffffffffffffff47
:10894000ffffffffffffffffffffffffffffffff37
:10895000ffffffffffffffffffffffffffffffff27
:10896000ffffffffffffffffffffffffffffffff17
:10897000ffffffffffffffffffffffffffffffff07
:10898000fffffffffffffffffffffffffffffffff7
:10899000ffffffffffffffffffffffffffffffffe7
:1089a000ffffffffffffffffffffffffffffffffd7
:1089b000ffffffffffffffffffffffffffffffffc7
:1089c000ffffffffffffffffffffffffffffffffb7
:1089d000ffffffffffffffffffffffffffffffffa7
:1089e000ffffffffffffffffffffffffffffffff97
:1089f000ffffffffffffffffffffffffffffffff87
:108a0000ffffffffffffffffffffffffffffffff76
:108a1000ffffffffffffffffffffffffffffffff66
:108a2000ffffffffffffffffffffffffffffffff56
:108a3000ffffffffffffffffffffffffffffffff46
:108a4000ffffffffffffffffffffffffffffffff36
:108a5000ffffffffffffffffffffffffffffffff26
:108a6000ffffffffffffffffffffffffffffffff16
:108a7000ffffffffffffffffffffffffffffffff06
:108a8000fffffffffffffffffffffffffffffffff6
:108a9000ffffffffffffffffffffffffffffffffe6
:108aa000ffffffffffffffffffffffffffffffffd6
:108ab000ffffffffffffffffffffffffffffffffc6
:108ac000ffffffffffffffffffffffffffffffffb6
:108ad000ffffffffffffffffffffffffffffffffa6
:108ae000ffffffffffffffffffffffffffffffff96
:108af000ffffffffffffffffffffffffffffffff86
:108b0000ffffffffffffffffffffffffffffffff75
:108b1000ffffffffffffffffffffffffffffffff65
:108b2000ffffffffffffffffffffffffffffffff55
:108b3000ffffffffffffffffffffffffffffffff45
:108b4000ffffffffffffffffffffffffffffffff35
:108b5000ffffffffffffffffffffffffffffffff25
:108b6000ffffffffffffffffffffffffffffffff15
:108b7000ffffffffffffffffffffffffffffffff05
:108b8000fffffffffffffffffffffffffffffffff5
:108b9000ffffffffffffffffffffffffffffffffe5
:108ba000ffffffffffffffffffffffffffffffffd5
:108bb000ffffffffffffffffffffffffffffffffc5
:108bc000ffffffffffffffffffffffffffffffffb5
:108bd000ffffffffffffffffffffffffffffffffa5
:108be000ffffffffffffffffffffffffffffffff95
:108bf000ffffffffffffffffffffffffffffffff85
:108c0000ffffffffffffffffffffffffffffffff74
:108c1000ffffffffffffffffffffffffffffffff64
:108c2000ffffffffffffffffffffffffffffffff54
:108c3000ffffffffffffffffffffffffffffffff44
:108c4000ffffffffffffffffffffffffffffffff34
:108c5000ffffffffffffffffffffffffffffffff24
:108c6000ffffffffffffffffffffffffffffffff14
:108c7000ffffffffffffffffffffffffffffffff04
:108c8000fffffffffffffffffffffffffffffffff4
:108c9000ffffffffffffffffffffffffffffffffe4
:108ca000ffffffffffffffffffffffffffffffffd4
:108cb000ffffffffffffffffffffffffffffffffc4
:108cc000ffffffffffffffffffffffffffffffffb4
:108cd000ffffffffffffffffffffffffffffffffa4
:108ce000ffffffffffffffffffffffffffffffff94
:108cf000ffffffffffffffffffffffffffffffff84
:108d0000ffffffffffffffffffffffffffffffff73
:108d1000ffffffffffffffffffffffffffffffff63
:108d2000ffffffffffffffffffffffffffffffff53
:108d3000ffffffffffffffffffffffffffffffff43
:108d4000ffffffffffffffffffffffffffffffff33
:108d5000ffffffffffffffffffffffffffffffff23
:108d6000ffffffffffffffffffffffffffffffff13
:108d7000ffffffffffffffffffffffffffffffff03
:108d8000fffffffffffffffffffffffffffffffff3
:108d9000ffffffffffffffffffffffffffffffffe3
:108da000ffffffffffffffffffffffffffffffffd3
:108db000ffffffffffffffffffffffffffffffffc3
:108dc000ffffffffffffffffffffffffffffffffb3
:108dd000ffffffffffffffffffffffffffffffffa3
:108de000ffffffffffffffffffffffffffffffff93
:108df000ffffffffffffffffffffffffffffffff83
:108e0000ffffffffffffffffffffffffffffffff72
:108e1000ffffffffffffffffffffffffffffffff62
:108e2000ffffffffffffffffffffffffffffffff52
:108e3000ffffffffffffffffffffffffffffffff42
:108e4000ffffffffffffffffffffffffffffffff32
:108e5000ffffffffffffffffffffffffffffffff22
:108e6000ffffffffffffffffffffffffffffffff12
:108e7000ffffffffffffffffffffffffffffffff02
:108e8000fffffffffffffffffffffffffffffffff2
:108e9000ffffffffffffffffffffffffffffffffe2
:108ea000ffffffffffffffffffffffffffffffffd2
:108eb000ffffffffffffffffffffffffffffffffc2
:108ec000ffffffffffffffffffffffffffffffffb2
:108ed000ffffffffffffffffffffffffffffffffa2
:108ee000ffffffffffffffffffffffffffffffff92
:108ef000ffffffffffffffffffffffffffffffff82
:108f0000ffffffffffffffffffffffffffffffff71
:108f1000ffffffffffffffffffffffffffffffff61
:108f2000ffffffffffffffffffffffffffffffff51
:108f3000ffffffffffffffffffffffffffffffff41
:108f4000ffffffffffffffffffffffffffffffff31
:108f5000ffffffffffffffffffffffffffffffff21
:108f6000ffffffffffffffffffffffffffffffff11
:108f7000ffffffffffffffffffffffffffffffff01
:108f8000fffffffffffffffffffffffffffffffff1
:108f9000ffffffffffffffffffffffffffffffffe1
:108fa000ffffffffffffffffffffffffffffffffd1
:108fb000ffffffffffffffffffffffffffffffffc1
:108fc000ffffffffffffffffffffffffffffffffb1
:108fd000ffffffffffffffffffffffffffffffffa1
:108fe000ffffffffffffffffffffffffffffffff91
:108ff000ffffffffffffffffffffffffffffffff81
:10900000ffffffffffffffffffffffffffffffff70
:10901000ffffffffffffffffffffffffffffffff60
:10902000ffffffffffffffffffffffffffffffff50
:10903000ffffffffffffffffffffffffffffffff40
:10904000ffffffffffffffffffffffffffffffff30
:10905000ffffffffffffffffffffffffffffffff20
:10906000ffffffffffffffffffffffffffffffff10
:10907000ffffffffffffffffffffffffffffffff00
:10908000fffffffffffffffffffffffffffffffff0
:10909000ffffffffffffffffffffffffffffffffe0
:1090a000ffffffffffffffffffffffffffffffffd0
:1090b000ffffffffffffffffffffffffffffffffc0
:1090c000ffffffffffffffffffffffffffffffffb0
:1090d000ffffffffffffffffffffffffffffffffa0
:1090e000ffffffffffffffffffffffffffffffff90
:1090f000ffffffffffffffffffffffffffffffff80
:10910000ffffffffffffffffffffffffffffffff6f
:10911000ffffffffffffffffffffffffffffffff5f
:10912000ffffffffffffffffffffffffffffffff4f
:10913000ffffffffffffffffffffffffffffffff3f
:10914000ffffffffffffffffffffffffffffffff2f
:10915000ffffffffffffffffffffffffffffffff1f
:10916000ffffffffffffffffffffffffffffffff0f
:10917000ffffffffffffffffffffffffffffffffff
:10918000ffffffffffffffffffffffffffffffffef
:10919000ffffffffffffffffffffffffffffffffdf
:1091a000ffffffffffffffffffffffffffffffffcf
:1091b000ffffffffffffffffffffffffffffffffbf
:1091c000ffffffffffffffffffffffffffffffffaf
:1091d000ffffffffffffffffffffffffffffffff9f
:1091e000ffffffffffffffffffffffffffffffff8f
:1091f000ffffffffffffffffffffffffffffffff7f
:10920000ffffffffffffffffffffffffffffffff6e
:10921000ffffffffffffffffffffffffffffffff5e
:10922000ffffffffffffffffffffffffffffffff4e
:10923000ffffffffffffffffffffffffffffffff3e
:10924000ffffffffffffffffffffffffffffffff2e
:10925000ffffffffffffffffffffffffffffffff1e
:10926000ffffffffffffffffffffffffffffffff0e
:10927000fffffffffffffffffffffffffffffffffe
:10928000ffffffffffffffffffffffffffffffffee
:10929000ffffffffffffffffffffffffffffffffde
:1092a000ffffffffffffffffffffffffffffffffce
:1092b000ffffffffffffffffffffffffffffffffbe
:1092c000ffffffffffffffffffffffffffffffffae
:1092d000ffffffffffffffffffffffffffffffff9e
:1092e000ffffffffffffffffffffffffffffffff8e
:1092f000ffffffffffffffffffffffffffffffff7e
:10930000ffffffffffffffffffffffffffffffff6d
:10931000ffffffffffffffffffffffffffffffff5d
:10932000ffffffffffffffffffffffffffffffff4d
:10933000ffffffffffffffffffffffffffffffff3d
:10934000ffffffffffffffffffffffffffffffff2d
:10935000ffffffffffffffffffffffffffffffff1d
:10936000ffffffffffffffffffffffffffffffff0d
:10937000fffffffffffffffffffffffffffffffffd
:10938000ffffffffffffffffffffffffffffffffed
:10939000ffffffffffffffffffffffffffffffffdd
:1093a000ffffffffffffffffffffffffffffffffcd
:1093b000ffffffffffffffffffffffffffffffffbd
:1093c000ffffffffffffffffffffffffffffffffad
:1093d000ffffffffffffffffffffffffffffffff9d
:1093e000ffffffffffffffffffffffffffffffff8d
:1093f000ffffffffffffffffffffffffffffffff7d
:10940000ffffffffffffffffffffffffffffffff6c
:10941000ffffffffffffffffffffffffffffffff5c
:10942000ffffffffffffffffffffffffffffffff4c
:10943000ffffffffffffffffffffffffffffffff3c
:10944000ffffffffffffffffffffffffffffffff2c
:10945000ffffffffffffffffffffffffffffffff1c
:10946000ffffffffffffffffffffffffffffffff0c
:10947000fffffffffffffffffffffffffffffffffc
:10948000ffffffffffffffffffffffffffffffffec
:10949000ffffffffffffffffffffffffffffffffdc
:1094a000ffffffffffffffffffffffffffffffffcc
:1094b000ffffffffffffffffffffffffffffffffbc
:1094c000ffffffffffffffffffffffffffffffffac
:1094d000ffffffffffffffffffffffffffffffff9c
:1094e000ffffffffffffffffffffffffffffffff8c
:1094f000ffffffffffffffffffffffffffffffff7c
:10950000ffffffffffffffffffffffffffffffff6b
:10951000ffffffffffffffffffffffffffffffff5b
:10952000ffffffffffffffffffffffffffffffff4b
:10953000ffffffffffffffffffffffffffffffff3b
:10954000ffffffffffffffffffffffffffffffff2b
:10955000ffffffffffffffffffffffffffffffff1b
:10956000ffffffffffffffffffffffffffffffff0b
:10957000fffffffffffffffffffffffffffffffffb
:10958000ffffffffffffffffffffffffffffffffeb
:10959000ffffffffffffffffffffffffffffffffdb
:1095a000ffffffffffffffffffffffffffffffffcb
:1095b000ffffffffffffffffffffffffffffffffbb
:1095c000ffffffffffffffffffffffffffffffffab
:1095d000ffffffffffffffffffffffffffffffff9b
:1095e000ffffffffffffffffffffffffffffffff8b
:1095f000ffffffffffffffffffffffffffffffff7b
:10960000ffffffffffffffffffffffffffffffff6a
:10961000ffffffffffffffffffffffffffffffff5a
:10962000ffffffffffffffffffffffffffffffff4a
:10963000ffffffffffffffffffffffffffffffff3a
:10964000ffffffffffffffffffffffffffffffff2a
:10965000ffffffffffffffffffffffffffffffff1a
:10966000ffffffffffffffffffffffffffffffff0a
:10967000fffffffffffffffffffffffffffffffffa
:10968000ffffffffffffffffffffffffffffffffea
:10969000ffffffffffffffffffffffffffffffffda
:1096a000ffffffffffffffffffffffffffffffffca
:1096b000ffffffffffffffffffffffffffffffffba
:1096c000ffffffffffffffffffffffffffffffffaa
:1096d000ffffffffffffffffffffffffffffffff9a
:1096e000ffffffffffffffffffffffffffffffff8a
:1096f000ffffffffffffffffffffffffffffffff7a
:10970000ffffffffffffffffffffffffffffffff69
:10971000ffffffffffffffffffffffffffffffff59
:10972000ffffffffffffffffffffffffffffffff49
:10973000ffffffffffffffffffffffffffffffff39
:10974000ffffffffffffffffffffffffffffffff29
:10975000ffffffffffffffffffffffffffffffff19
:10976000ffffffffffffffffffffffffffffffff09
:10977000fffffffffffffffffffffffffffffffff9
:10978000ffffffffffffffffffffffffffffffffe9
:10979000ffffffffffffffffffffffffffffffffd9
:1097a000ffffffffffffffffffffffffffffffffc9
:1097b000ffffffffffffffffffffffffffffffffb9
:1097c000ffffffffffffffffffffffffffffffffa9
:1097d000ffffffffffffffffffffffffffffffff99
:1097e000ffffffffffffffffffffffffffffffff89
:1097f000ffffffffffffffffffffffffffffffff79
:10980000ffffffffffffffffffffffffffffffff68
:10981000ffffffffffffffffffffffffffffffff58
:10982000ffffffffffffffffffffffffffffffff48
:10983000ffffffffffffffffffffffffffffffff38
:10984000ffffffffffffffffffffffffffffffff28
:10985000ffffffffffffffffffffffffffffffff18
:10986000ffffffffffffffffffffffffffffffff08
:10987000fffffffffffffffffffffffffffffffff8
:10988000ffffffffffffffffffffffffffffffffe8
:10989000ffffffffffffffffffffffffffffffffd8
:1098a000ffffffffffffffffffffffffffffffffc8
:1098b000ffffffffffffffffffffffffffffffffb8
:1098c000ffffffffffffffffffffffffffffffffa8
:1098d000ffffffffffffffffffffffffffffffff98
:1098e000ffffffffffffffffffffffffffffffff88
:1098f000ffffffffffffffffffffffffffffffff78
:10990000ffffffffffffffffffffffffffffffff67
:10991000ffffffffffffffffffffffffffffffff57
:10992000ffffffffffffffffffffffffffffffff47
:10993000ffffffffffffffffffffffffffffffff37
:10994000ffffffffffffffffffffffffffffffff27
:10995000ffffffffffffffffffffffffffffffff17
:10996000ffffffffffffffffffffffffffffffff07
:10997000fffffffffffffffffffffffffffffffff7
:10998000ffffffffffffffffffffffffffffffffe7
:10999000ffffffffffffffffffffffffffffffffd7
:1099a000ffffffffffffffffffffffffffffffffc7
:1099b000ffffffffffffffffffffffffffffffffb7
:1099c000ffffffffffffffffffffffffffffffffa7
:1099d000ffffffffffffffffffffffffffffffff97
:1099e000ffffffffffffffffffffffffffffffff87
:1099f000ffffffffffffffffffffffffffffffff77
:109a0000ffffffffffffffffffffffffffffffff66
:109a1000ffffffffffffffffffffffffffffffff56
:109a2000ffffffffffffffffffffffffffffffff46
:109a3000ffffffffffffffffffffffffffffffff36
:109a4000ffffffffffffffffffffffffffffffff26
:109a5000ffffffffffffffffffffffffffffffff16
:109a6000ffffffffffffffffffffffffffffffff06
:109a7000fffffffffffffffffffffffffffffffff6
:109a8000ffffffffffffffffffffffffffffffffe6
:109a9000ffffffffffffffffffffffffffffffffd6
:109aa000ffffffffffffffffffffffffffffffffc6
:109ab000ffffffffffffffffffffffffffffffffb6
:109ac000ffffffffffffffffffffffffffffffffa6
:109ad000ffffffffffffffffffffffffffffffff96
:109ae000ffffffffffffffffffffffffffffffff86
:109af000ffffffffffffffffffffffffffffffff76
:109b0000ffffffffffffffffffffffffffffffff65
:109b1000ffffffffffffffffffffffffffffffff55
:109b2000ffffffffffffffffffffffffffffffff45
:109b3000ffffffffffffffffffffffffffffffff35
:109b4000ffffffffffffffffffffffffffffffff25
:109b5000ffffffffffffffffffffffffffffffff15
:109b6000ffffffffffffffffffffffffffffffff05
:109b7000fffffffffffffffffffffffffffffffff5
:109b8000ffffffffffffffffffffffffffffffffe5
:109b9000ffffffffffffffffffffffffffffffffd5
:109ba000ffffffffffffffffffffffffffffffffc5
:109bb000ffffffffffffffffffffffffffffffffb5
:109bc000ffffffffffffffffffffffffffffffffa5
:109bd000ffffffffffffffffffffffffffffffff95
:109be000ffffffffffffffffffffffffffffffff85
:109bf000ffffffffffffffffffffffffffffffff75
:109c0000ffffffffffffffffffffffffffffffff64
:109c1000ffffffffffffffffffffffffffffffff54
:109c2000ffffffffffffffffffffffffffffffff44
:109c3000ffffffffffffffffffffffffffffffff34
:109c4000ffffffffffffffffffffffffffffffff24
:109c5000ffffffffffffffffffffffffffffffff14
:109c6000ffffffffffffffffffffffffffffffff04
:109c7000fffffffffffffffffffffffffffffffff4
:109c8000ffffffffffffffffffffffffffffffffe4
:109c9000ffffffffffffffffffffffffffffffffd4
:109ca000ffffffffffffffffffffffffffffffffc4
:109cb000ffffffffffffffffffffffffffffffffb4
:109cc000ffffffffffffffffffffffffffffffffa4
:109cd000ffffffffffffffffffffffffffffffff94
:109ce000ffffffffffffffffffffffffffffffff84
:109cf000ffffffffffffffffffffffffffffffff74
:109d0000ffffffffffffffffffffffffffffffff63
:109d1000ffffffffffffffffffffffffffffffff53
:109d2000ffffffffffffffffffffffffffffffff43
:109d3000ffffffffffffffffffffffffffffffff33
:109d4000ffffffffffffffffffffffffffffffff23
:109d5000ffffffffffffffffffffffffffffffff13
:109d6000ffffffffffffffffffffffffffffffff03
:109d7000fffffffffffffffffffffffffffffffff3
:109d8000ffffffffffffffffffffffffffffffffe3
:109d9000ffffffffffffffffffffffffffffffffd3
:109da000ffffffffffffffffffffffffffffffffc3
:109db000ffffffffffffffffffffffffffffffffb3
:109dc000ffffffffffffffffffffffffffffffffa3
:109dd000ffffffffffffffffffffffffffffffff93
:109de000ffffffffffffffffffffffffffffffff83
:109df000ffffffffffffffffffffffffffffffff73
:109e0000ffffffffffffffffffffffffffffffff62
:109e1000ffffffffffffffffffffffffffffffff52
:109e2000ffffffffffffffffffffffffffffffff42
:109e3000ffffffffffffffffffffffffffffffff32
:109e4000ffffffffffffffffffffffffffffffff22
:109e5000ffffffffffffffffffffffffffffffff12
:109e6000ffffffffffffffffffffffffffffffff02
:109e7000fffffffffffffffffffffffffffffffff2
:109e8000ffffffffffffffffffffffffffffffffe2
:109e9000ffffffffffffffffffffffffffffffffd2
:109ea000ffffffffffffffffffffffffffffffffc2
:109eb000ffffffffffffffffffffffffffffffffb2
:109ec000ffffffffffffffffffffffffffffffffa2
:109ed000ffffffffffffffffffffffffffffffff92
:109ee000ffffffffffffffffffffffffffffffff82
:109ef000ffffffffffffffffffffffffffffffff72
:109f0000ffffffffffffffffffffffffffffffff61
:109f1000ffffffffffffffffffffffffffffffff51
:109f2000ffffffffffffffffffffffffffffffff41
:109f3000ffffffffffffffffffffffffffffffff31
:109f4000ffffffffffffffffffffffffffffffff21
:109f5000ffffffffffffffffffffffffffffffff11
:109f6000ffffffffffffffffffffffffffffffff01
:109f7000fffffffffffffffffffffffffffffffff1
:109f8000ffffffffffffffffffffffffffffffffe1
:109f9000ffffffffffffffffffffffffffffffffd1
:109fa000ffffffffffffffffffffffffffffffffc1
:109fb000ffffffffffffffffffffffffffffffffb1
:109fc000ffffffffffffffffffffffffffffffffa1
:109fd000ffffffffffffffffffffffffffffffff91
:109fe000ffffffffffffffffffffffffffffffff81
:109ff000ffffffffffffffffffffffffffffffff71
:10a00000ffffffffffffffffffffffffffffffff60
:10a01000ffffffffffffffffffffffffffffffff50
:10a02000ffffffffffffffffffffffffffffffff40
:10a03000ffffffffffffffffffffffffffffffff30
:10a04000ffffffffffffffffffffffffffffffff20
:10a05000ffffffffffffffffffffffffffffffff10
:10a06000ffffffffffffffffffffffffffffffff00
:10a07000fffffffffffffffffffffffffffffffff0
:10a08000ffffffffffffffffffffffffffffffffe0
:10a09000ffffffffffffffffffffffffffffffffd0
:10a0a000ffffffffffffffffffffffffffffffffc0
:10a0b000ffffffffffffffffffffffffffffffffb0
:10a0c000ffffffffffffffffffffffffffffffffa0
:10a0d000ffffffffffffffffffffffffffffffff90
:10a0e000ffffffffffffffffffffffffffffffff80
:10a0f000ffffffffffffffffffffffffffffffff70
:10a10000ffffffffffffffffffffffffffffffff5f
:10a11000ffffffffffffffffffffffffffffffff4f
:10a12000ffffffffffffffffffffffffffffffff3f
:10a13000ffffffffffffffffffffffffffffffff2f
:10a14000ffffffffffffffffffffffffffffffff1f
:10a15000ffffffffffffffffffffffffffffffff0f
:10a16000ffffffffffffffffffffffffffffffffff
:10a17000ffffffffffffffffffffffffffffffffef
:10a18000ffffffffffffffffffffffffffffffffdf
:10a19000ffffffffffffffffffffffffffffffffcf
:10a1a000ffffffffffffffffffffffffffffffffbf
:10a1b000ffffffffffffffffffffffffffffffffaf
:10a1c000ffffffffffffffffffffffffffffffff9f
:10a1d000ffffffffffffffffffffffffffffffff8f
:10a1e000ffffffffffffffffffffffffffffffff7f
:10a1f000ffffffffffffffffffffffffffffffff6f
:10a20000ffffffffffffffffffffffffffffffff5e
:10a21000ffffffffffffffffffffffffffffffff4e
:10a22000ffffffffffffffffffffffffffffffff3e
:10a23000ffffffffffffffffffffffffffffffff2e
:10a24000ffffffffffffffffffffffffffffffff1e
:10a25000ffffffffffffffffffffffffffffffff0e
:10a26000fffffffffffffffffffffffffffffffffe
:10a27000ffffffffffffffffffffffffffffffffee
:10a28000ffffffffffffffffffffffffffffffffde
:10a29000ffffffffffffffffffffffffffffffffce
:10a2a000ffffffffffffffffffffffffffffffffbe
:10a2b000ffffffffffffffffffffffffffffffffae
:10a2c000ffffffffffffffffffffffffffffffff9e
:10a2d000ffffffffffffffffffffffffffffffff8e
:10a2e000ffffffffffffffffffffffffffffffff7e
:020000040000fa
:10a2f000f0b5de4657464e464546e0b5a9b00020cb
:10a3000005f052f806f07cf80028fbd14cf6ac5072
:10a31000c0f200000c2105f0e3fd43f20023c4f27b
:10a32000000340f2310940f2010a01224946504639
:10a33000585440f2320841461030585440f2330c21
:10a34000614658544227d85d1043c0b2d8554426c0
:10a35000985d1043c0b298554525585d1043c0b272
:10a3600058551331585c1043c0b258544720195cfb
:10a370001143c9b2195443f20003c4f20003494621
:10a380005046585441461030585461465854d95d8f
:10a390001143c9b2d955995d1143c9b29955595d57
:10a3a0001143c9b259554621595c1143c9b23530e0
:10a3b00019540130195c0a43d2b21a5440f6000312
:10a3c000c4f20003da6944f200010a43da6106f0dc
:10a3d00017f80028fbd14cf6bc50c0f200000c214d
:10a3e00005f07efd41f60043c4f20003f022402157
:10a3f000995041f60043c4f20003b031b03a5858c6
:10a400000242fcd005f0fcff0028fbd14cf6cc50fa
:10a41000c0f200000c2105f063fd43f60003c4f216
:10a42000002301221a7043f60003c4f20023198ca2
:10a430001142fcd105f0e4ff0028fbd14cf6dc50c2
:10a44000c0f200000c2105f04bfd43f60003c4f2fe
:10a45000002304225a7001329a700b325a812f3233
:10a460005a731a7802210a431a7043f60002c4f2a2
:10a4700000220223118c080018400b901942f9d1d8
:10a4800005f0beff0028fbd14cf6ec50c0f20000f6
:10a490000c2105f025fd23aa4cf6e463c0f200036d
:10a4a00031cb31c211001a680a609a888a809b7980
:10a4b0008b7105f0a5ff0028fbd123a805f066ffee
:10a4c000010023a805f00cfd43f20025c4f20005ad
:10a4d0000823ab6043f20004c4f20004a36040f21e
:10a4e0000012aa60a26040f20021a960a16040f2bf
:10a4f0000046ae60a66040f600084346ab60a3602d
:10a5000041f20007af60a76040f2480b00235846b5
:10a510002b5440f2490a50462b5440f24a0948460f
:10a520002b5440f24b0c60462b5401302b545846b0
:10a530002354504623544846235460462354013044
:10a540002354a961a1616a616261ae61a66143465b
:10a55000ab61a361af61a7617c3005f00bffaf6118
:10a56000a761012005f006ff6f616761012005f01a
:10a5700001ffaf61a761012005f0fcfe6e6166611d
:10a58000012004f014fd962005f0f4fe112004f0e3
:10a590000efd40f2f41005f0edfe3a2004f007fd48
:10a5a000052004f04ffd012005f0e4feb12004f089
:10a5b000fefc012004f046fd2c2004f043fd2d207c
:10a5c00004f040fdb22004f0f2fc012004f03afd5a
:10a5d0002c2004f037fd2d2004f034fdb32004f0ce
:10a5e000e6fc012004f02efd2c2004f02bfd2d2094
:10a5f00004f028fd012004f025fd2c2004f022fdac
:10a600002d2004f01ffdb42004f0d1fc072004f03d
:10a6100019fdc02004f0cbfca22004f013fd0220a1
:10a6200004f010fd842004f00dfdc12004f0bffcf7
:10a63000c52004f007fdc22004f0b9fc0a2004f094
:10a6400001fd002004f0fefcc32004f0b0fc8a20d1
:10a6500004f0f8fc2a2004f0f5fcc42004f0a7fc68
:10a660008a2004f0effcee2004f0ecfcc52004f09e
:10a670009efc0e2004f0e6fc202004f098fc36201e
:10a6800004f095fca02004f0ddfc3a2004f08ffcdf
:10a69000052004f0d7fc2a2004f089fc002004f0f7
:10a6a000d1fc002004f0cefc002004f0cbfc9f2065
:10a6b00004f0c8fc2b2004f07afc002004f0c2fc5b
:10a6c000002004f0bffc002004f0bcfc7f2004f05c
:10a6d000b9fce02004f06bfc0f2004f0b3fc1a205e
:10a6e00004f0b0fc0f2004f0adfc182004f0aafc2c
:10a6f0002f2004f0a7fc282004f0a4fc202004f064
:10a70000a1fc222004f09efc1f2004f09bfc1b20d7
:10a7100004f098fc232004f095fc372004f092fc10
:10a72000002004f08ffc072004f08cfc022004f0d1
:10a7300089fc102004f086fce12004f038fc0f2096
:10a7400004f080fc1b2004f07dfc0f2004f07afc58
:10a75000172004f077fc332004f074fc2c2004f064
:10a7600071fc292004f06efc2e2004f06bfc3020dc
:10a7700004f068fc302004f065fc392004f062fc31
:10a780003f2004f05ffc002004f05cfc072004f094
:10a7900059fc032004f056fc102004f053fcf62072
:10a7a00004f005fc002004f04dfc292004f0fffb20
:10a7b000642005f0dffd132004f0f9fb0a2005f00a
:10a7c000d9fdae61a66180239b026b6063606b6103
:10a7d000636151230622ea54e2542e339932002158
:10a7e000002005f079f94346ab61a3616e616661b3
:10a7f00040f2f024c0f200044af20003e618258873
:10a80000280a04f0c9fee8b204f0c6fe0234b442dd
:10a81000f5d143f20023c4f2000340f200429a61f2
:10a8200043f20003c4f200039a6141f2883005f05c
:10a83000a1fd00244ff6ff7500950423a0222100fe
:10a84000002004f068fb1c2005f094fd0434e4b201
:10a85000802cf1d14ff6ff7004f0b1ff2a2304934e
:10a86000002600230a9335002de002230a932ae0f4
:10a870004ff6ff7004f0a3ff4cf6fc52c0f200024a
:10a88000012601964ff6ff74009400230221232035
:10a8900003f0f8fe4cf60c62c0f200020196009440
:10a8a000002348212f2003f0edfe049b14930b9e00
:10a8b00000230993b0462e0000f0b3fd3500149b31
:10a8c000049301230a930a9b002bd1d00a9b012bee
:10a8d00000d148e10a9b022b00d1fde10a9b032b2a
:10a8e000f1d100244ff6ff764ef23f7700f00efed6
:10a8f000542373434af2036293420bdd732305939f
:10a9000040f22c0b1f3b6022d31a9a460a9db14697
:10a9100000f07dfc40f2f41293fbf2f3823aff3a2e
:10a92000059240f22c0beee7621e059b01935b46fd
:10a9300000934ff6ff733100069804f0abfc00f073
:10a9400091fc621e059b01935b4600934ff6ff73db
:10a950003100069804f09efc00f0acfc9e4201dc45
:10a9600000f0c9fc023e9e4201db00f0c4fc1e0068
:10a9700000f0c1fc030005220521192003f044fd6d
:10a980002b0003220521192003f0f4fa2b002a22c0
:10a990003621502003f038fd2b002b223621502089
:10a9a00003f032fd00f0affc092e65dd17aa0a2185
:10a9b00096fbf1f090fbf1f18b005b185b00c31a82
:10a9c0003033137083001b185b00f31a303353705d
:10a9d000002393704ff6ff7300931c2378222421e9
:10a9e000142004f098fa02235800c0188000404256
:10a9f0005030c0b2042301934ff6ff7300932b0035
:10aa000017aa242103f03efe052796fbf7f728003e
:10aa100005f02bfc0090022364227a211e2004f012
:10aa20007afafbb298460095022342467a211e200c
:10aa300004f071fa312e50dc1dac434630332370e4
:10aa4000252363700023a3704ff6ff770097083328
:10aa500018227721862004f05efa012301930097e3
:10aa6000002322007721862003f00cfe4cf66c5761
:10aa7000c0f2000700f0adfc17aa0a2196fbf1f125
:10aa80008b005b185b00f31a303313700023537094
:10aa90004ff6ff7300931c2378222421142004f026
:10aaa0003afa0123a0e7052796fbf7f7280005f0ff
:10aab000dcfb0090022364227a211e2004f02bfa92
:10aac000fab2009502237a211e2004f024fa40f203
:10aad000f3139e4201dd00f05cfc1dac322396fbbb
:10aae000f3f3303323700a2297fbf2f293009b18a2
:10aaf0005b00fb1a303363702523a3700023e370df
:10ab00004ff6ff770097083318227721862004f04c
:10ab100002fa012301930097002322007721862067
:10ab200003f0b0fd322e00dc61e3642e00dc63e351
:10ab3000962e00dc65e3c82e05dc4cf68c57c0f27f
:10ab4000000700f046fc40f22c139e4205dc4cf658
:10ab50008057c0f2000700f03cfc4cf67457c0f27e
:10ab6000000700f036fc44f2165004f028fe4cf6c4
:10ab70001862c0f200020421042003f019fe4cf612
:10ab80001c62c0f200020421522003f011fe4cf6b8
:10ab90002062c0f200022e21042003f009fe4cf6d0
:10aba0002462c0f200022e21522003f001fe4cf676
:10abb0002c62c0f200025821042003f0f9fd4cf68b
:10abc0008c62c0f200025821522003f0f1fd0024f3
:10abd0004cf63066c0f2000666e00e9804f0ecff1a
:10abe00002000b0031001da805f0f4fb4cf63863a1
:10abf000c0f200031daa0421042004f06efa0f988d
:10ac000004f0daff02000b0031001da805f0e2fba2
:10ac10004cf63c64c0f2000423001daa042152201b
:10ac200004f05bfa109804f0c7ff02000b0031003b
:10ac30001da805f0cffb23001daa2e21042004f03f
:10ac40004cfa119804f0b8ff02000b0031001da867
:10ac500005f0c0fb4cf64063c0f200031daa2e2194
:10ac6000522004f03afa129804f0a6ff02000b00fa
:10ac700031001da805f0aefb23001daa58210420b9
:10ac800004f02bfa179a4cf64861c0f200011da897
:10ac900005f0a0fb4cf64c63c0f200031daa58213e
:10aca000522004f01afa002404f043fe002800d0d9
:10acb000dbe514ab039313ab029312ab019311ab1f
:10acc000009310ab0faa0ea917a800f091fc013455
:10acd000e4b2042ce8d980e74ff2df7004f06ffd96
:10ace0004cf65062c0f20002012301934ff2df7371
:10acf000009341f6e3030521052003f0c3fc4df268
:10ad0000ba630093122336226e216a2004f003f9fd
:10ad100047f6ef3400943c2302223221822004f0d3
:10ad2000faf80094322301223c218e2004f0f3f83b
:10ad300049f673630c222d217e2003f01bf945f6a2
:10ad40002d5309222821942003f014f949f6736346
:10ad500007224121912003f00df945f62d530622db
:10ad60004b217b2003f006f94ff6ff7400940f236c
:10ad700012225f217d2004f0cef8009403231822d4
:10ad80005d217a2004f0c7f84bf6b65300931923df
:10ad9000142255216c2004f0bef84cf65963009340
:10ada0001523102257216e2004f0b5f84cf6596394
:10adb0004ff6ff725a216e2003f09cff0094282367
:10adc00064221421052004f0a6f8009428236422ac
:10add0004121052004f09ff84ff2df721421052075
:10ade00005f031fa4ff2df721421682005f02bfada
:10adf0004ff2df723b21052005f025fa4ff2df729a
:10ae00003b21682005f01ffa4ff2df724121052037
:10ae100005f019fa4ff2df724121682005f013faac
:10ae20004ff2df726821052005f00dfa4ff2df7254
:10ae30006821682005f007fa46f2bf440094022317
:10ae40001e2238210f2004f066f8009402231e22ef
:10ae500065210f2004f05ff84ff6ff7346f2bf4202
:10ae60001c210a2003f046ff46f2bf43052253216e
:10ae7000102003f07ff80126102446f2bf4721007e
:10ae80004031c9b2009701233200200004f043f89a
:10ae9000013ce4b20236f6b20b2cf0d14ff6ff7350
:10aea00002225421102003f065f84cf20007ccf286
:10aeb00079474ff6ff74aa463d1cb946eee0554669
:10aec00003230a93ffe4301c04f076fe02000b001b
:10aed0004cf63061c0f2000117ad280005f07afa97
:10aee0002b78002b46d03d2308aa944663440022c9
:10aef00001320133591e09780029f9d15500ad18e6
:10af0000ad0040f20208434601934ff6ff770097e9
:10af1000002317aa17211e2003f0b4fb28002130bc
:10af200000b2002302221a2103f06efa4cf67c6272
:10af3000c0f2000228002630c0b2434601930097b9
:10af40000023172103f09efb484604f035fe020063
:10af50000b004cf68061c0f200011da805f03afa22
:10af600043460193009700231daa44211e2003f0ad
:10af700089fbf5e00022c1e74cf63055c0f2000530
:10af800013e14cf64457c0f200076de04ff6ff7234
:10af90002900200005f057f90a360135edb240f2dc
:10afa0002c139e4213d01e2496fbf4f443461c1b24
:10afb0000a34e4b253461b889946009301231922b0
:10afc0002900200003f0a7ff002fdfdce4e73b00af
:10afd0004f4699465b4604cb9b4640460a30c0b27a
:10afe0000124019400974ff6ff733e2103f04afbc2
:10aff0004b469a001dabd2584346181dc0b201946f
:10b0000000974ff6ff734c2103f03cfb40f2010c1c
:10b01000e14443461933dbb2984640f2020ce24465
:10b020004b46062b03d03a2500264f46bbe7059d2d
:10b030004cf6bc62c0f20002053b01934ef23f7336
:10b04000009341f620336921022003f01bfb002707
:10b050004ff6a0544ff6000618e200230a9332e49c
:10b060004cf66057c0f2000740f2010843460193d6
:10b0700000944bf2b6532a002a211e2003f002fb53
:10b080004346019300944bf2b6533a0057211e20d9
:10b0900003f0f8fa351c322005f06cf904f049fc95
:10b0a000002800d00be713ab039312ab029311ab54
:10b0b000019310ab00930fab0eaa0da914a800f0da
:10b0c00097fa129e291c301c05f0f0f828b1494669
:10b0d000139805f0ebf80028ddd1139b99460094f6
:10b0e0001223462217211e2003f015ff009412237d
:10b0f000462244211e2003f00eff00940a2346221c
:10b100002a211e2003f007ff00940a23462257211c
:10b110001e2003f000ff0021ccf24821301c05f076
:10b1200012f830b90021484605f00df8002800d18a
:10b13000c9e64cf66c62c0f200020225019500944b
:10b14000002317211e2003f09dfa4cf67462c0f212
:10b15000000201950094002344211e2003f092fa7e
:10b160000021c4f2d011301c04f0d6ffc8b9002170
:10b17000c4f29011301c04f0e6ff98b30021ccf229
:10b180004821301c04f0dfff002800d1f4e64cf623
:10b190003855c0f2000508e04cf65457c0f20007dd
:10b1a00062e74cf66855c0f200050021c4f2702138
:10b1b000484604f0b1ff002800d051e70021c4f256
:10b1c0002021484604f0bfff0028e5d00021484672
:10b1d00004f0b9ff002800d1d3e64cf63857c0f28e
:10b1e000000741e74cf65455c0f20005dde74cf688
:10b1f0006c57c0f20007ece04cf6a057c0f2000715
:10b20000e7e04cf69857c0f20007e2e001350895f8
:10b2100040f2a413c0f20103eb181b7840f2350c86
:10b220009c44624604923726f61a50235b1b069311
:10b23000099f5037ffb240f25401c0f201017b1b5d
:10b24000322293fbf2f042439b1acc565444b44250
:10b2500000da3400049b9c4200dd1c00a64201daa7
:10b26000fff762fb059b01935b460093079b049ae3
:10b270002100069804f00ef8002dc7dd089b1a0087
:10b280005032069240f25402c0f201029c466744da
:10b29000322397fbf3f14b43ff1ad4575444b44283
:10b2a00000da3400049b9c4200dd1c00a64201da57
:10b2b000fff747fb059b01935b460093079b049aae
:10b2c0002100069803f0e6ff01352b2d9fd14e4655
:10b2d000099b0133dbb2322293fbf2f14a439b1a02
:10b2e000dbb20993149b9e4201dbfff737fb02366a
:10b2f0009e4200dd1e00300004f05dfd050040456b
:10b3000001d0fff737fb632e01dcfff74dfb17acd5
:10b31000642396fbf3f3303323700a2296fbf2f199
:10b3200091fbf2f293009b185b00cb1a30336370f1
:10b330008b005b185b00f31a3033a3700023e370bb
:10b340004ff6ff7700971c3378222421142003f056
:10b35000e2fd0423019300972b00220024212c20de
:10b3600003f090f940f2f8139e4201dcfff79bfbdb
:10b37000280004f07aff0090022364227a211e2024
:10b3800003f0c9fd0095022364227a211e2003f0f8
:10b39000c2fd1dac31232370013b6370a3700b3bd6
:10b3a000e370002323714ff6ff77009708331822cc
:10b3b0007721862003f0affd01230193009700233e
:10b3c00022007721862003f05df94cf67457c0f215
:10b3d00000070a9c01343b5d002bfbd14ff6ff7840
:10b3e000434600931023a0226621002003f093fd22
:10b3f000a000201a40005030c0b2022301934346ff
:10b4000000932b003a00662103f03cf900230393dc
:10b410000293019300930022002114a800f0e8f8a1
:10b42000a84604f086fa002801d0fff747fa30005a
:10b4300004f0c1fc04f019ff0790632e01ddfff753
:10b4400057fa0222092e00dc013a53009b18df0054
:10b450009b005b4240f2500b9b445f447b1e059374
:10b460005423734340f2f41293fbf2f3fff74bfac9
:10b4700040f20043f80fc01940105f30c0b2009393
:10b48000022301226c2103f046fd0137132fefdd6b
:10b490002300272feeddf80fc01940105f30c0b237
:10b4a0000096022301226c2103f035fd01373c2f69
:10b4b000ecd14cf6d062c0f20002012301934ef2af
:10b4c0003f73009348f200036921642003f0daf827
:10b4d000002404f02efa002800d0bee50394029464
:10b4e00001940094230022002100200000f080f845
:10b4f000322004f03fffece74df6fb63e1b200932e
:10b500000123a022002003f006fd0134222cf3ddec
:10b510003300402cf2dd3b005e2cefdde1b248f25f
:10b52000216300930123a022002003f0f4fc0134e6
:10b53000802cebd141f6203305220c21262002f08d
:10b5400019fd4ff6ff74009401230a220c212220da
:10b5500003f0e1fc4cf68862c0f200020223019382
:10b560004df6fb63009341f620330a21342003f0ab
:10b5700089f84cf69062c0f20002012601964df661
:10b58000fb63009345f2aa231c211e2003f07af8e6
:10b590004cf6b062c0f200020196009400232a210a
:10b5a000372003f06ff80023009301333c2234214d
:10b5b000372003f0b0fc14ab9c464ff6f453c0f2b6
:10b5c000000360461a00d0cad0c00400c2cac2c478
:10b5d000c2cac2c424332200c2cbc2c2d0cbd0c2a2
:10b5e0008346e24640f2040840f2000905951ae558
:020000040000fa
:10b5f000f0b5de4657464e464546e0b5e94ca54413
:10b600000f90109111921293032002f049fe04f062
:10b6100082fc041c49f69a11c3f6196104f093fdeb
:10b62000002800d1ade000239b46042002f038fe44
:10b6300004f071fc041c49f69a11c3f6196104f078
:10b6400082fd002800d1d3e000239846052002f0b7
:10b6500027fe04f060fc041c49f69a11c3f6196138
:10b6600004f071fd002800d1f8e00023994605257b
:10b67000002743f20004c4f200040826a66140f249
:10b68000181003f0fdff002002f00afe8246282079
:10b6900003f0f6ff6661642003f0f2ff504604f009
:10b6a0003afc011c381c02f052ff071c013d002d22
:10b6b000e4d10021c4f2a00103f05afd041c49f6b4
:10b6c0009a11c3f6196104f03efd002801d000f084
:10b6d000fafc40f29803c2f200030021186804f05b
:10b6e000e5fd20b140f29803c2f200031c6040f275
:10b6f0009805c2f2000547f2a401c3f67d712868df
:10b7000003f056fb061c4df20a71c3f62341201cc0
:10b7100003f04efb011c301c02f019ff011c2860d5
:10b72000201c04f0d7fe0021c4f27a4103f040fb54
:10b73000011c02f00cff051c002104f004fd002890
:10b7400001d000f0c0fc0021c4f29631281c04f0a6
:10b75000e3fc002801d000f021fd023002f0a0fd42
:10b7600004f0d9fb041c49f69a11c3f6196104f0e0
:10b77000eafc002801d100f0b7fc00230e9300f092
:10b78000c8fc201c04f0aaf844f20001c4f29c6139
:10b7900003f0eefc04f010fa04f0b6fda02212064d
:10b7a00049f69913c3f6e97304f079fec022d20575
:10b7b00046f26663cbf6e67303f03cfa02000b0038
:10b7c00000200021c4f2240100f0fcfc04f027f862
:10b7d000834643f60041c4f21c6104f09dfc00283e
:10b7e00000d122e743f60043c4f21c639b461ce7ea
:10b7f000201c04f073f844f20001c4f29c6103f0d1
:10b80000b7fc04f0d9f904f07ffd00224af2d733e7
:10b81000c3f6e87304f043fee022120641f27a43d5
:10b82000cbf6de7303f006fa02000b0000200021c5
:10b83000c4f2240100f0c6fc03f0f1ff804643f699
:10b840000041c4f21c6104f067fc002800d1fde651
:10b8500043f60043c4f21c639846f7e6201c04f04c
:10b860003df844f20001c4f29c6103f081fc04f055
:10b87000a3f904f049fda02212064ef24713c3f6c5
:10b88000da7304f00cfee02212064bf65103cbf6fd
:10b89000de7303f0cff902000b0000200021c4f298
:10b8a000240100f08ffc03f0baff814643f600410b
:10b8b000c4f21c6104f030fc002800d1d7e643f646
:10b8c0000043c4f21c639946d1e60023c4f2fa4354
:10b8d0000e9300f01efc00250e9545f25551c3f65f
:10b8e000d571281c03f064fa002102f030fe04f048
:10b8f00025fa04008021c905404604f0c4fb002855
:10b9000000d0a2e00021c4f22011404604f0bbfbad
:10b91000002800d0e9e00021c4f28811404604f07c
:10b92000b2fb002800d0f6e00021c4f20821404616
:10b9300004f0a9fb002800d003e10021c4f230216b
:10b94000404604f0a0fb002800d010e146f26661fa
:10b95000c4f23021404604f0bdfd4bf2c501c3f6f0
:10b96000e27103f025fa48f20001c4f2c83102f096
:10b97000eefd04f0e3f9070073e00021c4f2f811d2
:10b98000281c04f0a7fd44f29f61c3f6d87103f0b0
:10b990000ffa0021c4f24c2102f0d9fd04f0cef9d7
:10b9a0000400a7e714fdffff0021c4f27421281c46
:10b9b00004f090fd47f69631c4f25a0103f0f8f90d
:10b9c0000021c4f2ca2102f0c2fd04f0b7f904005c
:10b9d00090e70021c4f2b621281c04f07bfd47f655
:10b9e0009631c4f25a0103f0e3f90021c4f249315f
:10b9f00002f0adfd04f0a2f904007be70021c4f2df
:10ba0000fa31281c04f03ffb40f2f414002800d166
:10ba100070e704e00025c4f2963500230e93002160
:10ba2000c4f27b31281c04f055fd49f2f701c3f63e
:10ba3000cb6103f0bdf948f20001c4f2c83102f055
:10ba400086fd04f07bf9040054e70021c4f2c8111c
:10ba5000404603f0adf9002102f079fd04f06ef9e3
:10ba600007000021c4f24821584604f00cfb0028ce
:10ba700000d093e00021c4f2c821584604f003fb33
:10ba8000002800d0d4e00021c4f22831584604f048
:10ba9000fafa002800d0dae00021c4f2503158460a
:10baa00004f0f1fa002800d0e6e00021c4f23b41a6
:10bab000584604f0e8fa002800d0f2e044f2000111
:10bac000c4f23b41584604f005fd4ff2b911c3f6ec
:10bad000c96103f06df948f20001c4f2c83102f007
:10bae00036fd04f02bf906005fe046f26661c4f211
:10baf0000601404604f0eefc47f62331c4f2c601cd
:10bb000003f056f90021c4f24c2102f020fd04f0ac
:10bb100015f90700a5e749f69a11c4f2211140462c
:10bb200004f0d8fc49f2b301c4f2651103f040f906
:10bb30000021c4f2ca2102f00afd04f0fff8070058
:10bb40008fe74cf6cd41c4f28811404604f0c2fca8
:10bb500047f2a441c4f2bb0103f02af90021c4f268
:10bb6000493102f0f4fc04f0e9f8070079e746f205
:10bb70006661c4f20821404604f0acfc4ff6fe7149
:10bb8000c4f21f1103f014f948f20001c4f2963117
:10bb900002f0ddfc04f0d2f8070062e7002158460d
:10bba00002f0d5fc04f0caf806000021c4f24831c6
:10bbb000484604f068fa002800d088e00021c4f26a
:10bbc000c831484604f05ffa002800d01be100218c
:10bbd000c4f24841484604f056fa002800d026e155
:10bbe0000021c4f29641484604f04dfa002800d0e6
:10bbf00032e10021c4f2e141484604f044fa002851
:10bc000000d03ee142f20001c4f2e141484604f0b6
:10bc100061fc40f2b171c3f6116103f0c9f848f25a
:10bc20000001c4f2c83102f092fc04f087f858e039
:10bc30000021c4f24c21584604f04cfc0021c4f20f
:10bc40004c2102f084fc04f079f80600ade70021f5
:10bc5000c4f2ca21584604f03dfc42f26321c3f607
:10bc6000bd7103f0a5f80021c4f2ca2102f06ffcf7
:10bc700004f064f8060098e70021c4f22931584620
:10bc800004f028fc47f22761c4f2220103f090f887
:10bc90000021c4f2493102f05afc04f04ff80600ca
:10bca00083e70021c4f25131584604f013fc41f2fd
:10bcb000e641c3f63c6103f07bf848f20001c4f2b0
:10bcc000963102f044fc04f039f806006de7fa21e1
:10bcd0008905484603f06cf8002102f038fc04f0b6
:10bce0002df8e343db171c40bc4200da3c00b442b1
:10bcf00000da3400844200da040040f2f4139c427b
:10bd000001dd40f2f41440f2b403c2f200031b68f8
:10bd10000133322b00ddcae040f2b402c2f200026d
:10bd20001360584603f048ff06000f004cf6e44a43
:10bd3000c0f2000a40f2ac03c2f20003186803f03c
:10bd40003bff0c900d9140f2b003c2f20003186863
:10bd500003f032ff0a900b9108940e9803f02cff29
:10bd600006900791281c03f027ff04900591484690
:10bd700003f022ff02900391404603f01dff009064
:10bd8000019132003b0051467ba804f023fb04f0f4
:10bd900037fb0028fbd17ba804f0f8fa01007ba850
:10bda00004f09ef80f9b03b11c60109b0bb15a4628
:10bdb0001a60119b0bb142461a60129b0bb14a46a6
:10bdc0001a60c49b03b11d60c59b0bb10e9a1a602b
:10bdd000c69b33b140f2b003c2f200031b68c69a9f
:10bde0001360c79b33b140f2ac03c2f200031b687f
:10bdf000c79a136040f2ec239d44f0bcbb46b246a8
:10be0000a946a046f0bd0021c4f24931484604f0dd
:10be100061fb42f20541c3f67c6102f0c9ff0021db
:10be2000c4f24c2102f093fb03f088ff59e748f27b
:10be30000001c4f2c831484604f04cfb41f24031e5
:10be4000c3f67e6102f0b4ff0021c4f2ca2102f001
:10be50007efb03f073ff44e744f20001c4f2484163
:10be6000484604f037fb41f24031c3f67e6102f0f0
:10be70009fff0021c4f2493102f069fb03f05eff2d
:10be80002fe742f20001c4f29641484604f022fb3b
:10be900043f6f851c3f6296102f08aff48f2000127
:10bea000c4f2963102f053fb03f048ff19e740f269
:10beb000b402c2f200020023136043f20027c4f26e
:10bec00000074e22bb5443f20006c4f20006b354ee
:10bed00044f2000a5346bb60b3607b617361142077
:10bee00004f048fa53467b60736002234e22bb5431
:10bef000b354372003f0c4fb72b6002004f026f8d8
:10bf000060b962b604f07cfa0028fbd14cf6ec3044
:10bf1000c0f20000372103f0e3ff02e7012004f044
:10bf200015f8c8b12baf7bab9a463e00002004f059
:10bf30000df83060012004f009f870600836b24551
:10bf4000f4d162b60023159315aa1371002240f2b2
:10bf5000070a15aea44629e062b604f051fa00289b
:10bf6000fbd14cf62440c0f20000382103f0b8ffaa
:10bf7000d7e6210064468c464cf66041c0f20001d1
:10bf80006046009017a804f025fa04f039fa00285a
:10bf9000fbd117a804f0faf9010017a803f0a0ffdd
:10bfa000bfe6705401320837282a13d03b687c68fa
:10bfb000002bded0002cdcd0d11750460140891870
:10bfc000c910705c4000c0b2a342ead201231843fa
:10bfd000c0b2e6e7644615ab1a7919788a465878f4
:10bfe0009978df7853461b1813918c466344db190c
:10bff000ff210b409a424cd104f067f94cf6cd4139
:10c00000c3f6cc5102f0d4fe061c504604f05df994
:10c01000011c301c02f09bfa8246380004f055f9ee
:10c020004cf6cd41c3f6cc5102f0c2fe061c13986b
:10c0300004f04bf9011c301c02f089fa40f2b00305
:10c04000c2f20003186040f2ac03c2f20003524691
:10c0500013921a6003f0b0fd06000f004cf6944aec
:10c06000c0f2000a139803f0a7fd0090019132007e
:10c070003b0051462ba804f0adf904f0c1f90028ab
:10c08000fbd12ba804f082f901002ba803f028ffb4
:10c0900047e64cf6b841c0f20001039202930197c3
:10c0a000139b00930300524617a804f093f904f081
:10c0b000a7f90028fbd117a804f068f9010017a818
:10c0c00003f00eff2de6022002f0eaf803f023ff52
:10c0d000041c49f69a11c3f6196104f034f80028db
:10c0e00001d0fff7f8fb00250021c4f2fa31201c33
:10c0f00002f05efe0021c4f2c83102f028fa0e9070
:10c100000021c4f2fa4104f007f8002801d0fff73b
:10c11000dcfb0021c4f2f011281c03f0b4ff00285e
:10c1200001d0fff7dafb0021c4f27021281c03f0d4
:10c13000aaff002800d020e40021c4f2b421281c6a
:10c1400003f0a1ff002800d02ee40021c4f2f0216a
:10c15000281c03f098ff002800d03ae40021c4f224
:10c160007a31281c03f08fff002800d146e400211b
:10c17000c4f2f221281c04f0adf947f21271c3f6a3
:10c18000447102f015fe48f20001c4f2963102f04b
:10c19000def903f0d3fd0400fff7acfb022002f050
:10c1a0007ff803f0b8fe041c49f69a11c3f6196132
:10c1b00003f0c9ff002800d02ce40025c4f2963516
:04c1c00092e7c046fc
:020000040000fa
:10c1c400f0b557464e46de4645460c00e0b51f0026
:10c1d400030089b016000090019102930394002893
:10c1e40000d1b7e0300039008023801979419b03e6
:10c1f400b046b9469c46994200d2a6e0029c039df3
:10c204002b00220012196b411500634500d204e192
:10c21400c54a93420dd9002d00d144e2009c019df2
:10c224002000290009b0f0bcbb46b246a946a0468e
:10c23400f0bd039b002b19db3b0ddb435b0500d1f9
:10c2440015e23000390003f0e9fe824604f068f894
:10c2540080453ed0009801990022002303f04dfd53
:10c2640028b300250024c7f6f875d9e791427ad996
:10c27400002800d054e10023cff6e073994200d0a7
:10c284004ee13300002e00d1d0e14ff6ff72039b44
:10c29400c3f6ef725b005b08934200d8dee1029bb9
:10c2a400002b4dd000240025c7f6f075b8e7029b9b
:10c2b400039c18006300590801f08afb02000b007c
:10c2c4003000390001f041ff01f062fa04000d0072
:10c2d400a6e78945bed180231b069a45bad05346aa
:10c2e400002b00da24e183b300270025b84600249c
:10c2f40001265746c3f6f0753e4207d0009a019bcb
:10c304002000290001f021ff04000d007f0877b907
:10c314004746002f00d183e7002122002b00002094
:10c32400c3f6f07102f084fc04000d0078e7009875
:10c33400019902000b0001f008ff00900191dbe776
:10c34400039acbf6f0739a42acd100250024c3f6cd
:10c35400f07565e7039ac3f6f0739a4200d041e79b
:10c3640004000d005ce7714b7c009c46640d644442
:10c37400332c79d834231b1b9a46203b00d50be180
:10c384009b46002200230492059301235a465b42f4
:10c3940093400593012352465b42934004930498cf
:10c3a40005990b00020012184b41802149033943bf
:10c3b400350099435b469543002b00da06e10800fb
:10c3c400d84006900b005246d34007932300203bed
:10c3d40000d5f3e0290099400b00a5402a009218eb
:10c3e4005b41069911438c46079919430b00049944
:10c3f400059a3a400800150080223040db02040010
:10c40400db0a5203934200d99de003d16346002b1b
:10c4140000d098e022002b003ce0039b002f60db5f
:10c42400002b00da9ce00023cff6e073994277d822
:10c4340074d03000390003f0f1fd824603f070ff40
:10c44400804500d006e7894500d003e70023002497
:10c4540000255246d20700d4e2e6039a0024d20f04
:10c46400d2075a401500dbe640f2004532003b009b
:10c47400ac420fd900230022c7f6c073121a8b41b5
:10c48400d8170023f90fc3f6f0731840c9070843ff
:10c49400002203003000390003f025fe00284bd0b1
:10c4a40040f2fd72039b5b005b0d013b934200d89d
:10c4b400c7e63000390003f0b1fd824603f030ffd7
:10c4c400804500d0c6e6894500d0c3e64b46002b24
:10c4d400bcda002300250024c7f6f073c7f6f07514
:10c4e400b7e740f2a4022224c2f200021460002b37
:10c4f40079db0023cff6e073994211d800d1a9e08b
:10c504003000390003f08afd824603f009ff8045bc
:10c5140000d09fe6894500d09ce6dae7002888d061
:10c5240034003d007ce6c046ffffdfff01fcffff57
:10c534005b429a460127d8e640f2a4032122c2f2c4
:10c5440000031a608de65b46002b68db01219940ed
:10c554000b000121504681400a0012196b4199e7f2
:10c56400724b994200d8fee60028d9d10023cff6b9
:10c57400e0739942d4d13000390003f04ffd824674
:10c5840003f0cefe002800d064e60023c7f6f07363
:10c59400994200d05ee659e752469b4620239b1af7
:10c5a400012252421100d94000200b0000210490c6
:10c5b400059151468a401a430592ebe620232a004e
:10c5c400a1401b1bda400b00134306e7524620230d
:10c5d4009b1a0a009a40280013005246d0400200d9
:10c5e4001a430692eee6514b994200d8bbe6002866
:10c5f40096d10023cff6e073994291d130003900ef
:10c6040003f00cfd824603f08bfe002800d021e6e7
:10c614000023cff6f073994200d01be659e7534646
:10c6240020210120c91ac840030092e7cff6f07315
:10c634009f4200d029e6029b9bb14ff6ff72039bf9
:10c64400c3f6ef725b00002400255b08934200d917
:10c65400e6e529e6002800d152e761e70024002539
:10c66400dee5039acbf6f0739a42e6d16de6002339
:10c67400cff6e073994200d952e711d0434653b143
:10c684004ff6ff73039ac3f6ef73002400259a4212
:10c6940000d909e6c4e5cff6f0739945f0d1cce7ab
:10c6a4000028ebd03ce70022cff6e072934200d0a2
:10c6b400b4e5994200d933e734d00299039a0b00c8
:10c6c40051b9c7f6f0739a4206d14b4600240025af
:10c6d400002b00dbe8e5a3e54b46002b1adb002426
:10c6e4000023cff6f0740025009301940024c7f6cc
:10c6f400f0753000390003f091fc060003f010fee1
:10c70400804500d08ce5894500d089e5f60700d541
:10c7140084e585e580240023240600930194002504
:10c724000024e6e70028c8d0fae6c046ffffdfff92
:020000040000fa
:10c73400f0b59db011930b684d680a938b68149003
:10c744000e930b6910911593cb6803931368546887
:10c7540004930594049805990022002303f0cdfa6c
:10c7640068b90a9b5b073bd408230a9a1a400b92c8
:10c774000e9a08920a9a1a4212d0183309e08020bd
:10c78400000684460599049a61440b0004920593bb
:10c794002d23039a13700e9b013b089301230b93e3
:10c7a400059b04995b00bf4a5b08e9b993421bd11e
:10c7b400039a119b94460b98413b6044192b11d862
:10c7c400b94903f094fe039803f0defd0a9b0200ce
:10c7d400009303990e9b149802f065fe1db0f0bd02
:10c7e4002b23d6e7b149ece7934201d80cd159b1d8
:10c7f400039a119b94460b98413b6044192b01d832
:10c80400ab49dee7ab49dce7002204980599002335
:10c8140003f069fc0400002800d106e10023a64cc3
:10c82400069307940024119803f05afec3b20f93a1
:10c83400002d00dacee10993672b0bd105b9013540
:10c8440065230993231d14dbac4212da6623099392
:10c85400002c0eda099b0135662b0ad1002c04da70
:10c864000023954c0693079400240f9b672b00d05c
:10c874002d19049a059b0c920d93069e079f002385
:10c88400129332000c980d993b0002f0d1f902f09a
:10c894006bf98022120694460c9b169017911893fc
:10c8a4000d9b63441993189a199b009201933200cb
:10c8b4003b0003f005fe80231b06cb180c903900c7
:10c8c40030000d9300227d4b02f0b2f9129b06005a
:10c8d40001330f0012939d42d3d10022784b01f013
:10c8e40034fc0c9a0d9b06000f0003f0e7f90028b6
:10c8f40000d0c8e00c9a0d9b3000390003f0f3fb24
:10c9040030b11698179903f089fbc00700d4bae038
:10c914000498059932003b0001f046fa0022049085
:10c92400059106980799654b01f00ffc049a059b45
:10c934000c900d9103f01cf9002800d1a6e0099b8e
:10c944000134662b00d0a5e0260001350027731bb7
:10c954000b9d18930697189b9e4200d0d9e0069b26
:10c96400002b00d118e10021039b5819099b017089
:10c97400652b28d1159b039a013bd1548c4201dad3
:10c9840064420131002c00d00fe1159a9a1a033247
:10c99400002a00dd09e12b225c1e01b10232039959
:10c9a400023b0a55119a413a192a01d845220992a3
:10c9b400039ad118099a0a709d4201da03f097fd8f
:10c9c400089b023b089303230a9a1340022b00d0ce
:10c9d400f9e6089b002b00dcf5e6039803f0d4fc91
:10c9e4000b9b834200dceee01800039b30219c4645
:10c9f400089a604403f02afd00230e93e3e60696aa
:10ca0400079701340022069807992c4b01f09dfbef
:10ca140006000f0002000b000498059903f06df95d
:10ca24000028ecd00027012622e00022224b0692a7
:10ca34000793e7e7234b9c4211da87b904980599d9
:10ca44000022214b01f081fb0022049005910698fd
:10ca540007991d4b01f079fb370006900791069862
:10ca640007990022154b02f0e3f806900791013c68
:10ca7400069a079b0498059903f03ff90028d9d139
:10ca8400d1e60625dce60026002741e7069a079b47
:10ca94000c920d93099e653e731e9e41764226407c
:10caa40054e7c0460000f07fa4030100a80301007e
:10cab400ac030100b00301000000f03f000024407b
:10cac40000001440d4feffff00005043069b5bb9f6
:10cad400002e09da039a16992e335354089b013514
:10cae400013b0893012306937a192b0094463021c5
:10caf40002e0039ad15401336345fad1089a7d19af
:10cb0400d71b039a3030d0547b1e0135002708937d
:10cb140021e0109b16951b69053bab4200d81ee72c
:10cb24000c9a0d9b0498059902f082f802f01cf807
:10cb34001290139103f072fa092800dd09201023e2
:10cb44000a9a13400343002bc0d10f9b672bbdd11e
:10cb5400002ebbda013780220c980d9912069446f8
:10cb6400049b013e1a93059b63441b931a9a1b9bd7
:10cb740000920193129a139b03f0a2fc80231b06dc
:10cb8400cb18049005930c980d990022154b02f0d4
:10cb94004ff80c900d91dee60a9bdb0600d4e2e62a
:10cba4002e23039a53550135dde60a2294fbf2f64f
:10cbb4007243a21a039c3032013be254089a3400b7
:10cbc400013a0892dee6039b08991a5c5b181a5432
:10cbd400013805e70f9b672b00d152e7062509931f
:08cbe40038e6c04600002440c1
:020000040000fa
:10cbec005b4448545d204572723a2054696d656f00
:10cbfc0075742077616974696e6720666f72207333
:10cc0c0074617274207369676e616c204c4f57208d
:10cc1c0070756c73650d0a005b4448545d20457259
:10cc2c00723a2054696d656f757420776169746907
:10cc3c006e6720666f7220737461727420736967fb
:10cc4c006e616c20484947482070756c73650d0afd
:10cc5c00000000005b4448545d204572723a20424b
:10cc6c00697473206d697373696e672061742062d7
:10cc7c00697420256420284c3a256c7520483a2587
:10cc8c006c75290d0a0000005b4448545d204f4b25
:10cc9c002054656d703a252e3166432048756d3ae7
:10ccac00252e316625250d0a000000005b444854f2
:10ccbc005d20435243206661696c3a2025642b2524
:10cccc00642b25642b25643d25642c20676f742010
:10ccdc0025640d0a000000004f333a252e316620e2
:10ccec00434f3a252e3166204e48333a252e316675
:10ccfc0020447573743a252e316620434f323a2501
:10cd0c002e3166204151493a25642054656d703aa4
:10cd1c00252e3166432048756d3a252e3166252522
:10cd2c000d0a0000436f6c640000000052656164e2
:10cd3c00696e672e2e2e0000536c696768746c79cf
:10cd4c002064727900000000436f6d666f7274612d
:10cd5c00626c650048756d6964000000486f740072
:10cd6c00476f6f640000000048617a6172646f75f0
:10cd7c00730000005665727920706f6f72000000ae
:10cd8c00556e6865616c7468790000004869676865
:10cd9c00000000004d6f6465726174650000000056
:10cdac006164635f696e697420310d0a00000000d4
:10cdbc006164635f696e697420320d0a00000000c3
:10cdcc006164635f696e697420330d0a00000000b2
:10cddc006164635f696e697420340d0a00000000a1
:10cdec006164635f696e697420350d0a0000000090
:10cdfc004c4956452e434f494d4241544f524500e4
:10ce0c00555320455041205354442e004f330000bd
:10ce1c00434f00004e48330044757374000000000b
:10ce2c00434f3200252e3166000000007070620006
:10ce3c0070706d0075672f6d330000002564000065
:10ce4c00696478003c2054656d706572617475720c
:10ce5c006520262068756d6964697479000000008e
:10ce6c002d2d2e2d204300002d2d2e2d20250000a4
:10ce7c0043000000252e31662525000045646765ba
:10ce8c0041514900414952205155414c4954592076
:10ce9c004d4f4e49544f52494e47205359535445c8
:10ceac004d00000055534552204d414e55414c000c
:10cebc00474f4f4420544f204d4f44455241544509
:10cecc0000000000504f4f5220544f2048415a410f
:10cedc0052444f555300000048454c4c4f20574f7f
:10ceec00524c4420494e49540d0a00003130312d2a
:10cefc0032303000506f6f7200000000566572794e
:10cf0c0020506f6f72000000302d35300000000093
:10cf1c0035312d31303000003230312d333030008e
:10cf2c003330312d343030003430312d3530300049
:020000040000fa
:10cf3c000023f0b51600b1b0039007910493079d40
:10cf4c002b78002b00d1cbe001235b420c9310ab70
:10cf5c0000240e9380230b940d940f932b5d0bb137
:10cf6c00252b2dd134b12900220003982d1903f063
:10cf7c0029f90795079b1a78252a00d0a5e00133db
:10cf8c001800002105930793243a03782b2b23d008
:10cf9c002bd8202b23d0232b24d001b107902a2b64
:10cfac002bd002f025fe01250d900020079a1100d0
:10cfbc000b780132303b092b63d968b307912be016
:10cfcc000134cbe701230b990b430b931100013078
:10cfdc00dbe702230b99f7e704230b99f4e708230b
:10cfec000b99f1e710230b99eee72d2bead0302ba0
:10cffc00efd00029d5d00790d3e7336801301a1d44
:10d00c001b68079032600d93002b05da01220b99f7
:10d01c005b424a400b920d930b9bda0702d502221e
:10d02c0093430b93079b1a782e2a0dd100270c974c
:10d03c005a785d1c07952a2a25d102330793336849
:10d04c001a1d1b6832600c9307a802f0c9ff079ddc
:10d05c000700287803f040fa252800d1d1e0613888
:10d06c00172800d9d7e003f001fa1fd6b23ea2a2ce
:10d07c00a2d63ed6d6d6d6985e7dd6d6c2d64ed6bb
:10d08c00d66d280093e7280002f0b2fd01210c9028
:10d09c002a0013780135303b092b03d9002fd3d04c
:10d0ac000792d1e70f00f3e73200390008a802f02d
:10d0bc0062ff002800d177e06b1c079303982b7854
:10d0cc0008aa0ba903f019fa2418049b1c19a342f3
:10d0dc0000dcabe04f22564b1a6001235b420493f9
:10d0ec00049831b0f0bd33000122390008a801f0da
:10d0fc00cffc002858d00135039808aa0ba9079536
:10d10c0001f0abfee0e733000022390008a801f083
:10d11c00bffc002848d00135039808aa0ba9079535
:10d12c0002f02cfcd0e733000022390008a801f0f3
:10d13c00affcc8b30135039808aa0ba9079503f0f7
:10d14c00daf9c1e733000022390008a801f0a0fc8d
:10d15c0050b36b1c07932b78039808aa0ba903f008
:10d16c00ccf9b1e733000022f02108a801f090fcc3
:10d17c00d0b1089b099a0135134307955bb92d482b
:10d18c0003f0fef802000b9b2a4900930d9b0398b9
:10d19c0002f085f998e77823dee7049b39001a1929
:10d1ac0008a8330002f0b7f9013507958de7320076
:10d1bc00390008a802f0dffe0028f5d06b1c07939d
:10d1cc0003982b7808aa0ba9fff7aefa7ce7802fff
:10d1dc00ead1336801351a1d1b68326008aa137036
:10d1ec000123079503980ba903f089f96ce7802fad
:10d1fc00dad132680135131d3360126800230795ac
:10d20c00f0e7802fd0d101220b9b013500930d9bb1
:10d21c0007950949bbe7059b01220793002352425e
:10d22c000c920b930d9300930232f2e7049486e672
:0cd23c00a4000020b4030100ba030100ac
:020000040000fa
:10d24800f0b585b005000c00160017000393019394
:10d2580000900291002b00d0c8e010008a424bd900
:10d2680002f000fe020060b12100202381401b1a59
:10d2780087402800d84003000b4302932b009340bb
:10d288000093029b390cb3fbf1f00d0004004543f9
:10d29800beb274435d1b009b2d041b0c1d43030091
:10d2a800ac4207d9ed19013baf4203d8ac4201d9d2
:10d2b800831eed192d1bb5fbf1f4684661436643e7
:10d2c800691a058809040d432100ae4207d9ed19f2
:10d2d8000139af4203d8ae4201d9a11eed19ac1bea
:10d2e80018040a9b084323b1d4401c6000230a9aff
:10d2f8005360019905b0f0bd02f0b4fd0200a8bb6f
:10d308000123a41b0193390cb4fbf1f50b002e008b
:10d318006b43b8b24643e41a009b24041b0cac468a
:10d328001c43a6420ad90123e4195b429c44a74244
:10d3380004d8a64202d9ab1e9c46e419a41bb4fb30
:10d34800f1f56943641a6946684323040c88290087
:10d358001c43a04207d9e4190139a74203d8a042c7
:10d3680001d9a91ee4196346241ab9e72021874088
:10d37800091a230084400098cb40c840010021438b
:10d388008c4600993c0c9140b3fbf4f500912100c8
:10d3980069432e005b1a6146b8b24643090c1b0468
:10d3a8000b4329009e4207d9db1901399f4203d854
:10d3b8009e4201d9a91edb199b1bb3fbf4f56c43f4
:10d3c8001b1b644668431b04a4b22e001c43a042e6
:10d3d80007d9e419013ea74203d8a04201d9ae1edd
:10d3e800e41909043143241a01918ce7039b8b4209
:10d3f80009d90a9b1bb900231800019379e70a9bf6
:10d4080018605960f7e7039802f02cfd0100c8b9cd
:10d41800039ba34201d3ae4209d8ae1bb542ad412e
:10d428000120039b6d42e41a631b029300960a9b3a
:10d4380013b9002301935ce7009a0a9b1a60029ac9
:10d448005a60f6e720231b1a0093009a039bd740e3
:10d4580083401f432300d3402a008640844000981d
:10d468008d40c24022433c0c20000295b3fbf4f5ea
:10d478009446684301962e001b1a6046bab256437a
:10d48800000c1b04034328009e4207d9db1901380e
:10d498009f4203d89e4201d9a81edb199b1bb3fbf0
:10d4a800f4f56c431c1b63466a4324049bb2234374
:10d4b8002c009a4207d9db19013c9f4203d89a42b3
:10d4c80001d9ac1edb199b1a9c466b469d88019bb3
:10d4d80000041a0c2b002043060ca4b275436343c6
:10d4e800564362431c0c5219a218954202d9802453
:10d4f80064023619140c9bb21204a419d318a4455b
:10d5080003d30bd1029a9a4208d2019a01389a1a87
:10d5180093429b415b42db19e41a13000a9a002ae2
:10d5280087d0029a009dd31a6246121b029c9c4225
:10d53800a4416442121b1400cb40ac40ca400a9973
:08d5480023430b600b007be79d
:020000040000fa
:10d5500070b540f25003c2f20003586a40f600036f
:10d56000c4f200239b7d002b00d199e040f600021d
:10d57000c4f20022556807210d4040f25003c2f268
:10d58000000359699c699e68137e5b0700d49ee086
:10d5900040f60003c4f200239a6a40f25003c2f23c
:10d5a0000003db688b4200d891e0002d00d078e0ca
:10d5b00040f25003c2f200035b685a54013140f656
:10d5c0000003c4f200231b7edb072ad540f60003cc
:10d5d000c4f2002301221a7540f25003c2f2000384
:10d5e0009b68a34200d897e040f25003c2f20003c8
:10d5f0001b681a5d40f60003c4f200239a620134ee
:10d6000040f25003c2f200031b6913b9b44200d1c7
:10d61000afe040f25003c2f20003db688b4200d15e
:10d62000aee040f25003c2f2000359619c6140f643
:10d630000003c4f200231b7e9b0725d540f2a803fc
:10d64000c2f200031b785bb340f25003c2f2000346
:10d65000db688b421ed140f25003c2f2000300216e
:10d66000197740f60002c4f200220724147540f234
:10d67000a802c2f2000211701b6a8bb140f2500383
:10d68000c2f200031b6a984740f2a803c2f20003eb
:10d690001b782bb140f60003c4f2002302229a75d6
:10d6a00070bd40f25003c2f200035b684d00ea52c5
:10d6b000013140f60003c4f200231b7edb07b0d526
:10d6c00040f60003c4f2002301221a750fe040f671
:10d6d0000003c4f200231b7edb07a2d540f6000343
:10d6e000c4f2002301221a75002d00d174e740f224
:10d6f0005003c2f200039b68a34223d940f25003b7
:10d70000c2f200031b686200d25a40f60003c4f262
:10d7100000239a62013473e740f25003c2f200031f
:10d720001b69002b00d16be740f60003c4f2002315
:10d73000ff229a6240f25003c2f200031a69013ad2
:10d740001a615de740f25003c2f200031b69002b2f
:10d7500000d155e740f60003c4f200234ff6ff72f4
:10d760009a6240f25003c2f200031a69013a1a6148
:10d7700046e740f2a803c2f2000301221a7050e704
:10d7800040f60003c4f2002301229a7503321a7591
:02d7900047e769
:020000040000fa
:02d792007047de
:020000040000fa
:10d79400f0b54b00c6460d000a0040f2fd715b0d6a
:10d7a400013b0400060000b58b4200d9e0e042f6dc
:10d7b4004263c4f286039d4200ddf8e000d1efe04d
:10d7c40042f22b33ccf286039a4200d9b9e000d15d
:10d7d400b0e049f6a1426b00c3f6c7325b0893423e
:10d7e40000d8b7e00022eb0fdb07c3f6e0725a4023
:10d7f400170041f22c534ff63c120026200029005a
:10d80400c9f62f62c3f6f77300f09ffc32003b00a9
:10d8140000f0cafa02f002fc804602f081fd43f2f5
:10d8240000030022cbf6e67306000f0000f08dfc27
:10d8340022002b0000f0b8fa40f6a8424df2100383
:10d8440004000d0030003900c5f66142c3f62b73a5
:10d8540000f07bfc02000b002000290000f0a4fa79
:10d8640002000b0006000f0000f06ffc4df61c4296
:10d8740045f2a423c6f65872c3f6f16304000d0002
:10d8840000f063fc4ff2e06247f2e403c6f6b372c1
:10d89400c3f67c7300f088fa22002b0000f055fcdc
:10d8a40000230022c3f6d07300f07efa32003b005e
:10d8b40000f04bfc43f6090243f6997306000f008f
:10d8c40020002900c6f6de72c3f6407300f03dfc6a
:10d8d40045f2b31247f28e13c7f24212c3f6ac7389
:10d8e40000f062fa22002b0000f02ffc0d00002152
:10d8f400040032003b000020c3f6e07102f0cdfdcd
:10d9040002000b002000290000f04efa02000b0078
:10d914003000390001f08cf9444600230022013420
:10d92400c3f6e07300f040fa220002f081f880bcf4
:10d93400b846f0bd4bf6d243cdf67a539e4200d89a
:10d9440047e740f2a4032222c2f200031a60002037
:10d954000021ece7934206d144f22223c0f692431d
:10d964009e4200d93ee700210020c3f6f071dee7b5
:10d974002900002300196941cff6e073994223d8a6
:10d9840020d0002e00d02de70023c7f6f0739a4272
:10d994001ad00023cff6f0739a4200d022e7d6e7dc
:10d9a40043f6ef13cff6fa63984200d808e740f243
:10d9b400a40322220021c2f2000300201a60c7f649
:10d9c400f071b4e70028dcd020002900afe7c0469e
:020000040000fa
:10d9d400f0b5ce46474640f2fd7280b50b0d013bd3
:10d9e4000c0089b0934219d902000b0012184b4164
:10d9f40015001a000023cff6e0739a4209d800d12b
:10da0400dfe080239b039a4200d2cfe0002c00daaf
:10da1400c1e009b0c0bcb946b046f0bd07aa02f0e7
:10da240005fa079b040099464af29e03c3f6e6737f
:10da34000d00994200dc84e000230022c3f6f07359
:10da44002000290002f029fd012206000f00200019
:10da54002900524201f0ecff00230022c3f6e073d8
:10da640000f0a2f902000b003000390001f0e0f8e8
:10da740004000d0022002b002000290040f2f818b9
:10da840000f063fbc0f2010806000f0002000b0067
:10da94004046022100f096ff4bf29a5240f2ff7387
:10daa400c1f2b322c4f2500302f0f7fc4346103330
:10dab400320002900391180003213b0001f030fc76
:10dac40000900191484602f02bfc009a019b0490bf
:10dad40005910298039901f0abf832003b0000f085
:10dae40034fb22002b0000f030fb22002b0000f05e
:10daf4005bf9049e059f40f6a8424df21003040012
:10db04000d0030003900c5f66142cbf62b7300f0ee
:10db14001cfb02000b002000290000f045f943f231
:10db2400000304000d00002230003900c3f6e67340
:10db340000f00bfb02000b002000290000f034f978
:10db440067e7994206d143f6cd33c6f27f63984224
:10db540000d971e701235b429c4600230022c3f6ef
:10db6400e07320002900e14402f097fc01225242b4
:10db740004000d0001f05cff00230022c3f6e073f3
:10db840000f012f902000b002000290001f050f807
:10db940004000d006ee740f2a40321220021c2f22a
:10dba400000300201a60c7f6f87132e740f2a403bc
:10dbb40022220021c2f2000300201a60cff6f07185
:0cdbc40027e7002d00d11ce723e7c04636
:020000040000fa
:10dbd000000000000000005f0000000700070014c4
:10dbe0007f147f14242a7f2a122313086462364983
:10dbf0005522500005030000001c22410000412274
:10dc00001c00082a1c2a0808083e0808005030009a
:10dc100000080808080800606000002010080402de
:10dc20003e5149453e00427f4000426151494621f4
:10dc300041454b311814127f1027454545393c4a60
:10dc400049493001710905033649494936064949b0
:10dc5000291e003636000000563600000008142247
:10dc6000411414141414412214080002015109062d
:10dc7000324979413e7e1111117e7f494949363e34
:10dc8000414141227f4141221c7f494949417f094d
:10dc90000901013e414151327f0808087f00417f60
:10dca00041002040413f017f081422417f40404015
:10dcb000407f0204027f7f0408107f3e4141413ec5
:10dcc0007f090909063e4151215e7f09192946460f
:10dcd0004949493101017f01013f4040403f1f2038
:10dce00040201f7f2018207f6314081463030478ea
:10dcf0000403615149454300007f4141020408107b
:10dd00002041417f000004020102044040404040a5
:10dd1000000102040020545454787f4844443838a9
:10dd200044444420384444487f3854545418087eae
:10dd3000090102081454543c7f0804047800447d0f
:10dd400040002040443d00007f10284400417f40b7
:10dd5000007c041804787c0804047838444444386f
:10dd60007c14141408081414187c7c080404084853
:10dd700054545420043f4440203c4040207c1c200c
:10dd800040201c3c4030403c44281028440c50505b
:10dd9000503c4464544c44000836410000007f006d
:0bdda00000004136080008082a1c089b
:020000040000fa
:10ddac00f0b40125ed070f005f405ad48b4200d12f
:10ddbc00824205d950404240504059404b40594056
:10ddcc004e18760ddf187f0d3bd0741c640529d0de
:10dddc00f41b352c26d80e0ddb022b43db0ac902b3
:10ddec002943c9121700202c1ed2e741e2405740ac
:10ddfc00e3415a40a340e3405a4000248018594163
:10de0c000ad3b21c520521d0c207012f6241170060
:10de1c004008cb0718434908013636054208af4184
:10de2c0060417141f0bc7047203c06d01f00e741b7
:10de3c00e3405f400024012a6741c0186141ebd3e5
:10de4c00dfe7002eeed129400020ebe7013631054b
:10de5c000020e7e7e742e5d10020c143090dc904e2
:10de6c00e0e76b400e00871a9e4104d26e40c01b47
:10de7c00b141d21973414e18df18ac0ae642e9d20f
:10de8c00760d7f0d31d0f41b362ccbd8b4460e0d4d
:10de9c00db022b43db0ac9022943c90a012c32d805
:10deac0004d1d4075208df073a435b08ef0a6442f7
:10debc00904199411ed0002239424dd12419404144
:10decc0049410124394204d10134001849413942f5
:10dedc00fad06246a24204d9361b013e3605891996
:10deec00a0e7f10ac90700209ce736429ad100202e
:10defc00002197e70200224394d0b842ded2010001
:10df0c0020002024e3d1202c13dd203ce24117001b
:10df1c00a240e2405740e3415a40a340e3405a40fc
:10df2c00012fbf410137174300227c429841914198
:10df3c000ce01700e741e2405740e3415a40a34050
:10df4c00e3405a407c429041994100220f0303d296
:10df5c00013e241940414941013e36054708ac4178
:08df6c0050417141f0bc704707
:020000040000fa
:10df7400f0b5de4657464e464546e0b589b00690b4
:10df84000591079315b201239a1a9246049080468c
:10df940003918946002655e0e0b25a1c121ad2b207
:10dfa400c9b2079b0093012300f0b3ff059bfb1844
:10dfb40099b21bb29f2b5bdce0b25a460132121ab3
:10dfc400d2b2c9b2079b0093012300f0a2ff4fe035
:10dfd400059bfb1899b21bb29f2b49dc43461cb22c
:10dfe400e443e4171c4024b2049a131c12b27f2a9f
:10dff40000dd7f231bb29b46a34239dbdce713b26f
:10e004009b46a34247da5346002b76db751b6d0013
:10e014000533ed182bb29a46013f3db2013636b2b4
:10e024004b4601339bb29946039b013b9bb203933e
:10e034004346013b9bb29846049b01339bb2049335
:10e04400b54261dbafb2059bdb1b99b21b04bfd4a5
:10e0540043461cb2e443e4171c4024b2049b1a1c3c
:10e064001bb27f2b00dd7f2213b29b46a34293dabf
:10e074006b460c229b5e002b29db069ad31b1cb239
:10e08400e443e4171c4024b2bb181a1c1bb27f2bb8
:10e09400b5dd7f22b3e7e0b25a1c121ad2b26b4646
:10e0a400197b079b0093012300f033ff4b461bb2ff
:10e0b4009f2ba8dce0b25a460132121ad2b24b4668
:10e0c400d9b2079b0093012300f023ff9be74b4643
:10e0d4001bb29f2b97dc069ad31b1cb2e443e417b4
:10e0e4001c4024b2bb181a1c1bb27f2b00dd7f22fc
:10e0f40013b29b46a34286dbdce77300524603322d
:10e104009b181bb29a4689e709b0f0bcbb46b246dd
:06e11400a946a046f0bd83
:020000040000fa
:10e11a0006d128b9f54203d800d30ab96d0d09d141
:10e12a000020c143090dc904f0bdf9d11242f7d14b
:10e13a00640df5d00020c14349054908a6e0002036
:10e14a006146f0bdf0b50127ff070e005e403e4074
:10e15a00b446be0a4c18dd18f442d9d2f542e4d2cc
:10e16a00640decd06d0dead06419c9023943460d2d
:10e17a00c0023143db023b43db0a10b48e4685b250
:10e18a0097b26f43140c6c433e0ca419260c24045a
:10e19a00bfb227439cb26c43a419190c6943250cde
:10e1aa00a4b249190d04090c6419000c95b245432f
:10e1ba003e0c76193743bfb2360c150c4543ad19e0
:10e1ca00a6b2240cad192e0437432e0c36199db273
:10e1da004543ad19acb22e0c89191d0c45436d1877
:10e1ea002e04290c3443704680b295b245433e0c46
:10e1fa0076193743bfb2360c150c4543ad19a6b292
:10e20a00ad19240c2e0437432e0c36199db2454302
:10e21a00ad19acb22e0c89191d0c45436d182e048c
:10e22a003443290c75462d0c90b268433e0c801974
:10e23a000604bfb23e43070ca0b23f18120c6a4351
:10e24a00d019020c80b2240ca4189ab26a4312198b
:10e25a0014042043120c89181b0c6b43c91810bcf8
:10e26a0001273d05294203d1b61940414941013ce4
:10e27a00ff077d0d013d641b0bdb6d00ac4209da23
:10e28a00240500254208be41684161416646314382
:06e29a00f0bd54e74ee761
:020000040000fa
:10e2a000f0b5c64600b5040041f60003034343f64b
:10e2b0000002c4f20022138143f60002c4f20022dd
:10e2c0000421138c0b42fcd140f2aa03c2f20003da
:10e2d0001b78a3426fd0052c46d8a300494ad358d7
:10e2e0009f46022706e0052704e0062702e00727ed
:10e2f00000e0042743f20021c4f2000143f240236e
:10e30000c4f20003fe18327801239a43327043f2bc
:10e310000002c4f2000243f24000c4f200003d18c3
:10e32000287898432870bb404b6053604b61536121
:10e330003378042704221343dbb233702b78134362
:10e34000dbb22b70642001f09bf93378bb43337050
:10e350002b78bb432b70337801221343dbb233702d
:10e360002b781343dbb22b70c82001f089f943f6f8
:10e370000003c4f200231a7e02210a431a7643f6f0
:10e380000002c4f200224902138c0b42fcd143f676
:10e390000002c4f20022012193790b42fcd043f623
:10e3a0000003c4f200239a8c01229a7140f2aa035e
:10e3b000c2f200031c700527002643f60004c4f2d5
:10e3c0000024022398460125237e42461343dbb2f4
:10e3d000237640f20042238c1342fcd1a3792b42d6
:10e3e000fcd0a38c9e19a571322001f049f9013fa0
:10e3f000002fe9d10523b6fbf3f080b280bcb8460c
:08e40000f0bdc0465c03010001
:020000040000fa
:10e40800f0b5de4657464e464546e0b585b01500a0
:10e4180000921e0092b201239b1a1bb29946d303a5
:10e428009b1a5b001bb20393c3b29a46cbb29b46be
:10e43800ecb21919c9b23200504601f000ff5b4630
:10e44800191bc9b23200504601f0f9fe534618199b
:10e45800c0b23200594601f0f2fe5346181bc0b252
:10e468003200594601f0ebfe002d65dd00230193d3
:10e478005ee0009b013b1bb20093039b02331ab280
:10e4880003924b441bb29946019b01339cb21bb2c9
:10e498000193630001334b441ab29146e4b25246e9
:10e4a8001319d8b26b461d785a465319dab29046fa
:10e4b80032004146029001f0c2fe5246171bffb2dd
:10e4c80032004146380001f0bafe5a46531bdab210
:10e4d800904632004146029801f0b1fe32004146b2
:10e4e800380001f0acfe52465719ffb25a461319cc
:10e4f800dab2904632004146380001f0a0fe52469a
:10e50800551bedb232004146280001f098fe5a46ec
:10e51800141be4b232002100380001f090fe3200f2
:10e528002100280001f08bfe009a019b9a4203dd2e
:10e538004b46002b9ddaa7e705b0f0bcbb46b246b8
:06e54800a946a046f0bd4b
:020000040000fa
:10e54e000122d20703004b403cd430b4431a01d20f
:10e55e00c01ac9184b004400240eff2c28d024b337
:10e56e001b0e20d0e31a182b1ddc09021143c40d1b
:10e57e00000210435d4219350a00aa40d209d94063
:10e58e00451801d36d080234013ce405280a012127
:10e59e00c9072d062a438a4160414100090eff2911
:10e5ae0001d3c00dc00530bc7047c00fc007fae7dd
:10e5be0042001823da41ff2af5d07f2000010c30eb
:10e5ce000005f0e7a4465140431a02d25340c01a48
:10e5de00c9184b00090211431b0e4400240eff2cd8
:10e5ee0040d083b15b421b19012b10d322d1c30d36
:10e5fe004002401a10d3db050100400ac9059141c3
:10e60e005841644670472442fbd10020f9e7c30d00
:10e61e0040024900401af4d0002101314000fcd3e1
:10e62e008c4204d95b1adb05400ac018e9e7180ac8
:10e63e00c007e6e7192be4d801330c00d940dc41c2
:10e64e004c40012c4941c30d00021043441a01d421
:10e65e00a4006408013bdb05200a240694415841be
:10e66e0064467047ff2b01d04102cad07f200001c3
:06e67e000c300005c5e7a9
:020000040000fa
:10e68400f0b5de4657464e464546e0b58bb004919c
:10e694009146059314ab1b88039315ab1e7813782e
:10e6a400002b7cd0b200b218d2b20892f200921bb6
:10e6b400d2b209927200b2185200d2b20792053057
:10e6c400c2b293464a46069254e0012e12d00092fa
:10e6d400330032002100484600f01bfc0135341998
:10e6e400e4b2072d0dd0039a3b002b41db07ecd598
:10e6f400059aeae7049b5919c9b2404601f0a1fd05
:10e70400ece74f4640f2010ce24443460133dbb2ee
:10e714009846f719ffb25b4508d053461b789946d3
:10e72400049c00253b004f469946dce7012e0dd1a1
:10e73400049ce51dedb2039f3a002100584601f008
:10e7440080fd0134e4b2ac42f6d10ae0089b581fc4
:10e754005844c0b2039b0093099b3200049900f013
:10e76400d8fb069b013306931b78079a5a44d2b20e
:10e774009346a3b15a46053ad2b290461a00203abb
:10e784005e2a00d93f23203bdbb29a00d3184df612
:10e79400d032c0f2000292469a444746bde70bb01d
:0ce7a400f0bcbb46b246a946a046f0bd42
:020000040000fa
:10e7b000f0b5de4657464e464546e0b583b01600f6
:10e7c000c4b2cdb24ff6ff77009726234a22290024
:10e7d000200000f0a0fb44f216522900200001f0b6
:10e7e00032fd631cdbb29a4644f21652290018002f
:10e7f00001f029fd6b1cdbb2994644f21652190058
:10e80000200001f020fd23004933dbb2984644f29a
:10e8100016522900180001f016fd23004833dbb220
:10e820009b4644f216522900180001f00cfd44f2f8
:10e8300016524946404601f006fd2b002533dbb257
:10e84000994644f216521900200001f0fcfc44f2f3
:10e8500016524946504601f0f6fc2b002433dbb239
:10e860009a4644f216521900200001f0ecfc44f2e2
:10e8700016524946404601f0e6fc44f2165249461b
:10e88000584601f0e0fc44f216525146404601f071
:10e89000dafc300001f07afd1a35e9b28300c01ac3
:10e8a00040004a3040102018c0b201230193009765
:10e8b00048f210433200fff7e5fe03b0f0bcbb4660
:08e8c000b246a946a046f0bdd6
:020000040000fa
:10e8c80041f20003c4f200030220187641f200412d
:10e8d800c4f2000100220a7441f60001c4f20001ea
:10e8e80008621a8641f20002c4f20002802149043b
:10e8f80013690b42fcd046f20003c0f280031b6a86
:10e908005b009b0e9b0240f200221343d200c4f22c
:10e918000002536341f20002c4f20002802149045c
:10e9280013690b42fcd041f20003c4f20003022237
:10e938001a86d202c4f200028021490413690b42ec
:10e94800fcd041f60043c4f2000340f20712c0f2c3
:10e9580001021a6241f60042c4f20002042153681f
:10e968001942fcd141f60043c4f20003c8224021f9
:10e97800995041f60042c4f20002c82013581942c7
:10e98800fcd041f60043c4f20003d0224021995044
:10e9980041f60042c4f20002d02013581942fcd0bc
:10e9a80041f60043c4f20003f0224021995041f699
:10e9b8000042c4f20002f02013581942fcd07047fc
:020000040000fa
:10e9c800f8b514001d008b1edb00c6180f00b268d6
:10e9d800f36820002900fff7b6fb32687368fff779
:10e9e800e1f9022f4ed002000b0020002900fff7aa
:10e9f800aafb3300083b1a685b68fff7d3f9032fbb
:10ea080040d022002b00fff79efb3300103b1a6812
:10ea18005b68fff7c7f9042f34d002000b00200011
:10ea28002900fff790fb3300183b1a685b68fff773
:10ea3800b9f9052f26d002000b0020002900fff7a6
:10ea480082fb3300203b1a685b68fff7abf9062f9f
:10ea580018d002000b0020002900fff774fb3300d8
:10ea6800283b1a685b68fff79df9072f0ad0020058
:10ea78000b0020002900303efff765fb3268736801
:10ea8800fff790f902000b0020002900fff75bfb5d
:04ea9800f8bdc046bf
:020000040000fa
:10ea9c0010b50400902911dc00207f2927dd803976
:10eaac000800102910d801f0e1fc2f2f3a0f110f9c
:10eabc000f0f230f0f0f0f0f0f0f3a00c02947d066
:10eacc00f02945d0a02925d0002010e019683ab1d2
:10eadc000a1d1a6000228b5e2360db17636005e061
:10eaec00081d18600b689bb223606260012010bd8a
:10eafc00196822b10a1d1a600023cb56ece7081dd9
:10eb0c0018600b68dbb2efe71968eab10a1d1a60ee
:10eb1c000b68e1e71a68111d19601368dce7072020
:10eb2c0019684ab1091881430a0008321a600a6848
:10eb3c004b6822606360d9e7ca1d8243110008311b
:10eb4c00196053681268f4e7081d18600b68cbe76e
:0eeb5c001a68111d1960136823600023bee7bc
:020000040000fa
:02eb6a00fee7c4
:020000040000fa
:10eb6c0040f2fd724b005b0df0b50d00591e040018
:10eb7c00914244d82a4a9e182ad420002900332ec8
:10eb8c0025dc284a9b182dd4120cc0f20f02da4057
:10eb9c0013004ff6ff722700c0f20f029f43f240a2
:10ebac0038002f00234097432a401343390073b198
:10ebbc00002f0cda3400203c2bd480256d03e5406b
:10ebcc002a0080246403f440230080185941f0bdce
:10ebdc00002d02db00200021f9e700210020cbf6fc
:10ebec00f071f4e720224ff6ff73921bc0f20f0373
:10ebfc0093401a0001235b42f3401343c9e7200002
:10ec0c002900002be3d10022e90fcb0710001900db
:10ec1c00dde720248025a41b6d03a5402a00d0e746
:08ec2c0001fcffffe1fbffff0b
:020000040000fa
:10ec3400f0b40125ed070c005c402c40a446ae0a5c
:10ec44004c18df18f4423dd2f74244d2640d4ad046
:10ec54007f0d3bd0e41bc9022943cf0adb022b43bf
:10ec6400db0a0600b61a9f4104d2013cb6197f4163
:10ec7400b6185f416812800d241836dd00188442ee
:10ec840024d8e80c0021b6197f41b61a9f4103d35a
:10ec940040414941f7d304e0b6185f4100184941a7
:10eca400f1d32405b6197f41b61a9f4105d33743e2
:10ecb400c20717430022012f5041614162461143ac
:10ecc400f0bc70470ad148b9f74207d20020c143cb
:10ecd400490d0905f2e70ab9f74206d00020c143fd
:10ece400090dc904ece77f0df8d000206146e7e781
:020000040000fa
:10ecf400f0b5d6464f464646c0b582b005000c0076
:10ed040016009a46471dffb20b000c33dbb298463f
:10ed14001300042241463800fff72af9e81cc0b268
:10ed240000960a230522210000f0f3f8534602223c
:10ed340041463800fff71cf92b1ddbb29946611cd4
:10ed4400c9b25346009309230322484600f0e1f870
:10ed54003300012241463800fff70af9a11dc9b268
:10ed6400009606230322484600f0d3f80a35edb294
:10ed7400a11cc9b2009601230322280000f0c9f89f
:10ed8400611dc9b2009601230222280000f0c1f8d7
:10ed94000834e1b2009601230322280000f0b9f8f8
:0ceda40002b0e0bcba46b146a846f0bd83
:020000040000fa
:10edb00030b405004d400124e407254042004b00db
:10edc000120e32d01b0e3cd0ff2a33d0ff2b3fd087
:10edd000d21800022043000a09022143090ac4b2e2
:10ede0004c43000ac3b24b43000a4843210a5b1854
:10edf000190a091801d44900013a080a7f3a2adba6
:10ee0000fe2a0fd2d2051c43240601d0012421433f
:10ee1000c9b280295041802901d1400840002843cf
:10ee200030bc7047ff20c005f9e71b0eff2b0ad04e
:10ee30002800f5e7400206d1ff2bf3d1490202d1a9
:10ee4000f0e7ff2af4d17f2000010c300005e7e74e
:10ee50004902f8d1e6e743020132e9d15b120233fd
:06ee6000e6d9d805e4e745
:020000040000fa
:10ee6600f0b54b6889b004930b6805000c009c460e
:10ee76008e68cf68079310685168cb0f05930029f9
:10ee860042da0b000200002150429941049b002bfc
:10ee960008db0222634693430793059b13b9079b3e
:10eea6005a0722d5731e07aa02920a2200930192dc
:10eeb6000b000200200000f0a6fb059bcbb12d2322
:10eec60001383b542269079b013a121a39180093fc
:10eed6002800330000f0e6fa6b68db0503d56368ab
:10eee600984200da180009b0f0bd1b07db0ff31ad1
:10eef600d9e7079b5a0702d52b230138e1e71b0701
:10ef0600e0d520230138dce7049b002bc1dac6e7f5
:020000040000fa
:10ef1600f8b514001d0006ab1e889f2843d84bb2d7
:10ef2600002b40db8318a02b03dd60246442241ae7
:10ef3600e4b24b19802b03dd80256d426d1aedb2cc
:10ef46004b1eeb18dbb2421ea218d2b200f0c1fd76
:10ef560043f20022c4f2000240f60001916143f23e
:10ef66000003c4f200039961490851615961654380
:10ef7600002d0cdd370af6b20024380000f009fb3c
:10ef8600300000f006fb0134a4b2ac42f5db43f2dc
:10ef96000023c4f2000340f200429a6143f20003e8
:08efa600c4f200039a61f8bdfa
:020000040000fa
:10efae0000b585b043f20023c4f2000340f6000220
:10efbe005a6143f20003c4f200035a610023019325
:10efce00019b002b05da019b01330193019b002b62
:10efde00f9db43f20023c4f2000340f200425a610f
:10efee0043f20003c4f200035a6100230293029b12
:10effe00002b05da029b01330293029b002bf9dbf7
:10f00e0000f0c3fa43f20023c4f2000340f20042c0
:10f01e009a6143f20003c4f200039a610023039342
:10f02e00039b002b05da039b01330393039b002bf9
:06f03e00f9db05b000bd86
:020000040000fa
:10f0440000b585b043f20023c4f2000340f6000289
:10f054009a6143f20003c4f200039a61002301930e
:10f06400019b002b05da019b01330193019b002bcb
:10f07400f9db43f20023c4f2000340f200425a6178
:10f0840043f20003c4f200035a6100230293029b7b
:10f09400002b05da029b01330293029b002bf9db60
:10f0a40000f078fa43f20023c4f2000340f2004275
:10f0b4009a6143f20003c4f200039a6100230393ac
:10f0c400039b002b05da039b01330393039b002b63
:06f0d400f9db05b000bdf0
:020000040000fa
:10f0da00f0b5ce46474680b583b0050090461f007e
:10f0ea00ccb2211dc9b20430c0b24ff6ff730093ef
:10f0fa0012234222fff70aff404601f042f90600b6
:10f10a00380001f03ef971008919890043001b1883
:10f11a005b00c9184a235b1aa81c032b01dd5b108c
:10f12a005819c5b2a11dc9b2022301934ff6ff793e
:10f13a004b460093002342462800fff79efa0e34fe
:10f14a00e1b20c235e43a819c0b2012301934b46d6
:10f15a00009344f208233a00fff78ffa03b0c0bcc9
:06f16a00b946b046f0bdfd
:020000040000fa
:10f1700030b405004d400124e407254042004b0017
:10f18000120e26d01b0e34d0ff2a2dd0ff2b35d0e7
:10f19000d21a000220430902214343084908a00d66
:10f1a0005b1a02d2013a5b005b185b008b4200d312
:10f1b0005b1a4041f9d37f3222ddff2a06d2d20505
:10f1c000c91a8b425041284330bc7047ff20c0050c
:10f1d000f9e71b0e03d0ff2b12d1490210d07f207c
:10f1e00000010c300005efe74002f8d1ff2bedd114
:10f1f000f5e7ff2aead14002f1d1e7e74902eed173
:04f200002800e1e71a
:020000040000fa
:10f204007c0000201c00000000000000a80000207a
:10f214000100000000000000500000202c0000004d
:10f22400000000009800002004000000000000001e
:10f23400aa0000200100000001000000ff000000ff
:10f24400ac0000200c00000001000000000080bfa2
:10f25400000080bf32000000a9000020010000006f
:10f26400000000009c0000200400000000000000da
:10f27400000000205000000000000000a00000205a
:10f284000800000000000000000000000000000072
:020000040000fa
:10f29400f0b583b006000c0015001f0091423cdc61
:10f2a4000121494228e02300483b072b14d83300ae
:10f2b4002f3b412b1ad94b1c1ad1210018e00022f4
:10f2c40028e0c9b2631adbb2f0b200970122fff75b
:10f2d40020fe012149420be0243a1b2aebd8089b6b
:10f2e4009e42ecdb099b00229e4213dc4b1ce8d1be
:10f2f400631ca54211db1c00a542f7db220023009e
:10f30400163b072bcfd83300353b002235209842db
:0ef314005241d2b2002ae9d1cde703b0f0bddc
:020000040000fa
:02f32200fee704
:020000040000fa
:10f32400f0b5c6468046ce0046441d0033001400a6
:10f33400083b00b51a685b680f0020002900fef73f
:10f3440033fd22002b00fef700ff3300103b1a6848
:10f354005b68fef729fd02000b0020002900fef780
:10f36400f4fe032f16d03300183b1a685b68fef7cf
:10f374001bfd02000b0020002900fef7e6fe042f0f
:10f3840008d0203e32687368fef70efd22002b0081
:10f39400fef7dbfe43461a685b68fef705fd80bc9a
:04f3a400b846f0bdba
:020000040000fa
:10f3a80010b500f07dfd45f20003c4f200130422fd
:10f3b8005a6000f0defcfff783fa01f063f800f012
:10f3c8005ffb00f02ef843f20023c4f20003112281
:10f3d80031215a5401315a5401315a5442201a5c8d
:10f3e80001210a43d2b21a5401301a5c0a43d2b23c
:10f3f8001a5401301a5c0a43d2b21a5401301a5c0a
:10f408000a43d2b21a5402301a5c0a43d2b21a54ce
:10f4180000f09ef900f036fffef7b7f900f064f946
:02f4280010bd15
:020000040000fa
:10f42a0043f20023c4f20003b42233219954b33abd
:10f43a0095315a5401315a5440f60003c4f200037c
:10f44a00d96910200143d96141f20003c4f20023b3
:10f45a001a601203c4f20022d369002bfcd141f2d4
:10f46a000003c4f20023c02292025a6041f2000251
:10f47a00c4f20022d369002bfcd141f20003c4f28a
:10f48a000023d22252429a81d832c4f210021a6060
:10f49a0041f20002c4f20022d369002bfcd170476a
:020000040000fa
:10f4aa00f0b589b014000e9a1d00029101231100d3
:10f4ba001940019003911a4201d1a5420ad82200ab
:10f4ca000299019800f07ffea54203d82500280082
:10f4da0009b0f0bd2e1b37003200102e00d91022c1
:10f4ea00202104a800f0afff0f2f0ed80f22019899
:10f4fa00324004a900f067fe039b002be7d12200eb
:10f50a000299019800f05ffee1e71022019804a930
:08f51a0000f059fe103fe7e785
:020000040000fa
:10f5220010b50400902911dc00207f291bdd8039f1
:10f53200080010290ed800f09eff0f0f250d170da1
:10f542000d0d1e0d0d0d0d0d0d0d2500a02903d065
:10f55200c02901d0002006e01968081d18600b6858
:10f5620023601a60012010bd1968081d18600b681d
:10f5720023601a80f6e71968081d18600b6823607b
:10f582001a70efe71968081d18600b6823601a608b
:06f59200d2175a60e6e703
:020000040000fa
:10f5980070b582b0082243f20025c4f2000540f29b
:10f5a800002143f20004c4f2000400261ee040f2e9
:10f5b8000013ab61a3614000c0b20096009b002b12
:10f5c80005da009b01330093009b002bf9dba9614e
:10f5d800a1610196019b002b05da019b0133019380
:10f5e800019b002bf9db013ad2b24ab16961616132
:10f5f80043b2002bdbdb40f200136b616361dae797
:04f6080002b070bd1f
:020000040000fa
:10f60c00f7b5040019000a9ee36867680093336835
:10f61c00100001932369013b1c00002f00da012725
:10f62c000022009dea540123089d002c02dce3b16a
:10f63c002000febd02000a434ab9089aba1a5219b0
:10f64c00002a04dc002df2dd019a9207efd5099b0c
:10f65c00099adb1700f00efb8c4600991300013c55
:10f66c0030320a55013d6146dfe71022336893437f
:04f67c003360dde733
:020000040000fa
:10f6800070b54ef20003cef200031b69db0709d40c
:10f690004ef20003cef20003144a5a6100229a612e
:10f6a00005321a614400241824014ef20003cef200
:10f6b00000035e6906b90d4e4ef20003cef2000360
:10f6c0009b6994b100224ef20005cef2000505e0e0
:10f6d000f11a013109185218a24206d21800ab697a
:10f6e0008342f5d88218d21af6e770bdffffff00fb
:020000040000fa
:10f6f000bff35f8f62b64ef20013cef2000340f20a
:10f7000020301a581202120ac02109060a431a5060
:10f7100008225a6040f224329958ff2081433f3832
:10f7200001439950102159609958094801404cf201
:10f73000000001439950202159609858054908401c
:10f74000c02109040143995040225a607047c046c5
:08f75000ff00ffffffff00ffb7
:020000040000fa
:10f7580043f60003c4f2002301221a7043f60002a4
:10f76800c4f200220121138c0b42fcd146f2200383
:10f77800c0f280031b68190240f200720a409b061f
:10f788005b0f1a4343f60003c4f200239a85042250
:10f798005a7007325a737a329a7000221a815a8143
:10f7a80007229a7143f60002c4f20022138c9bb21e
:06f7b800002bfbd170479d
:020000040000fa
:10f7be0070b5060ac5b27f239f220021002000f0fb
:10f7ce0084f943f20022c4f2000240f60001916176
:10f7de0043f20003c4f20003996149085161596173
:10f7ee0045f200043000fff7d0fe2800fff7cdfef3
:10f7fe00013c002cf6d143f20023c4f2000340f288
:10f80e0000429a6143f20003c4f200039a6170bd94
:020000040000fa
:10f81e004b1801225205da4217d25b0d0722d20194
:10f82e009b1a0fd9ff2b12d2db05ca0fd207134337
:10f83e000903020d1143490ac200524100d9013198
:10f84e00c8187047c80fc007704705d120b9c80f38
:10f85e000002ff30c00570470123db070a00c90014
:10f86e00400f084398431a4010435b0a18437047f1
:020000040000fa
:02f87e00fee7a3
:020000040000fa
:10f8800000230e4a10b513600d4a0e4c13600e4a49
:10f8900013600e4a13600e4a13600e4a53621361de
:10f8a0000133936000f0a5fa00f0a3fa0a4b9c42e2
:10f8b00000d310bd08cc9847f8e7c046a000002050
:10f8c0000c000020d40200000800002000000020ee
:0cf8d0000400002010000020d8020000fe
:020000040000fa
:10f8dc0010b5041c4df20a71c3f6234100f0cdfba8
:10f8ec0060b948f65c71c4f25201201c00f0defbda
:10f8fc0040b148f65c74c4f2520403e04df20a7451
:10f90c00c3f62344211c43f23330c4f2530000f0fd
:10f91c00dbfd211cfff726fc44f20001c4f21c6144
:06f92c00fff740fa10bdd8
:020000040000fa
:10f9320010b543f20023c4f200031b6a9b0319d5de
:10f9420040f2a903c2f200031c780cb1002418e0b3
:10f95200322000f00efd43f20023c4f200031b6ac2
:10f962009b030ed540f2a903c2f2000301221a70d2
:10f97200013406e040f2a903c2f2000300221a7029
:06f982000024200010bd6e
:020000040000fa
:10f98800f0b50c004968236887b00500a768e668e9
:10f998000593002902db02218b43059305a95368cf
:10f9a800126802910a21200001910097fff72afeb0
:10f9b8002269059b013a121a3118009328003b006e
:10f9c800fff76ffd6b68db0503d56368984200dac3
:06f9d800180007b0f0bdad
:020000040000fa
:10f9de0010b54ff63323c0f2000398474ff633238a
:10f9ee00c0f20003984700f0e0fa40f20003c0f2c4
:10f9fe0000037f2293434ef60052cef20002936034
:10fa0e004ff68103c0f2000398474ff63323c0f23e
:10fa1e00000398474ff63323c0f200039847faf7d6
:04fa2e0060fcfee793
:020000040000fa
:02fa320070471b
:020000040000fa
:10fa340070b50b0d0d0040f2ff7104000b408b42ba
:10fa440019d0c3b1d21840f2fe739a420adc002adc
:10fa540014dd4ff6ff73c8f20f032b401205134356
:10fa6400190070bd0022eb0fdb07c7f6f0721a43d2
:10fa740000201100f5e720002900f2e7eb0f002039
:04fa8400d907eee7c9
:020000040000fa
:10fa880040f25003c2f2000300221a621a779a6009
:10fa9800da6040f60003c4f20023802292025a6022
:10faa8009209c4f20022d369002bfcd140f600036e
:10fab800c4f2002300221a730e32c0f230021a6018
:10fac80040f60002c4f20022d369002bfcd1704733
:020000040000fa
:10fad800f8b507000d0016001c002a20fff763fa8e
:10fae8000020fff7abfa3800fff7a8fa0020fff76d
:10faf800a5fa3000fff7a2fa2b20fff754fa0020ee
:10fb0800fff79cfa2800fff799fa0020fff796fa0a
:0efb18002000fff793fa2c20fff745faf8bd06
:020000040000fa
:02fb2600fee7f8
:020000040000fa
:10fb280010b50c0011001a00012388b05b42019344
:10fb38000433ff33029300b968460023039004940a
:10fb480004b1631e0593002c06da4f220120064bf0
:10fb580040421a6008b010bd002307900370069059
:0cfb680001a800f027fcf5e7a400002035
:020000040000fa
:10fb740030b401256d054c00e54215d85c00e54222
:10fb840012d80c001c436400044314430fd005d264
:10fb940082428b418041013030bc70479042994190
:10fba4008041013030bc7047002030bc70470120d8
:04fbb40030bc7047aa
:020000040000fa
:10fbb80041008c46012212068a420bd809093823d3
:10fbc8001b06c918c30fdb07194340076346da420f
:10fbd80004d27047c10fc9070020704703d13823ea
:10fbe8001b06c918704738231b06c9180122d204fe
:04fbf80011437047fe
:020000040000fa
:10fbfc00030010b51a78202a0ad0110009390429fb
:10fc0c0006d92b2a06d000212d2a05d1012102e08c
:10fc1c000133efe70021013300200a2402e06043a6
:10fc2c000133801a1a78303a092af8d901b94042be
:02fc3c0010bdf9
:020000040000fa
:02fc3e0070470d
:020000040000fa
:10fc400010b5054c237833b9044b13b1044800e0d8
:10fc500000bf0123237010bd7c00002000000000c5
:10fc600000000000034b10b51bb10349034800e03e
:10fc700000bf10bd00000000800000200000000058
:020000040000fa
:10fc8000002b11d1002a0fd1002900d1002802d069
:10fc90000021c943080007b4024802a1401802909d
:10fca00003bdc0466d08000003b4684601b5029864
:10fcb000fdf7cafa019b9e4602b00cbc7047c046d5
:020000040000fa
:10fcc00030b401256d054c00e54215d85c00e542d5
:10fcd00012d80c001c436400044314430cd005d21a
:10fce00082428b418041404230bc704790429941f2
:0efcf0008041404230bc7047002030bc70475d
:020000040000fa
:10fcfe0030b401256d054c00e54215d85c00e54297
:10fd0e0012d80c001c436400044314430cd005d2db
:10fd1e00904299418041404230bc704782428b41b3
:0efd2e008041404230bc7047002030bc70471e
:020000040000fa
:10fd3c004200110e7f390fd40123db0749421f31da
:10fd4c000cdd400003d2c0011843c8407047c0010d
:10fd5c001843c8404042704700207047ff210906f5
:0efd6c008a4200d99843184000d4d84370470b
:020000040000fa
:10fd7a0043f20023c4f2000341f600421a60012252
:10fd8a0048215a5401315a54002201315a5401313e
:10fd9a005a5401315a5418392220585401315a54ac
:0cfdaa0001315a54da66b6315a507047e5
:020000040000fa
:10fdb60032280cdd64280ddd96280eddc8280fddff
:10fdc60040f22c1398420edd48f2861001e042f212
:10fdd600c84070474ef64040fbe74ff64820f8e72c
:0cfde6004ef24820f5e749f23b30f2e70e
:020000040000fa
:02fdf200704758
:020000040000fa
:10fdf4002003c04c60fec0fb00d8008014cf00007c
:10fe04001ccf0000f8ce000024cf00002ccf00004f
:10fe140034cf00006ccd0000a0cd0000f8ce00006f
:0cfe240000cf000008cf000074cd0000eb
:020000040000fa
:10fe3000f0b50d0d40f2ff742b000e00234025425b
:10fe40000ed0a3420cd0084900248c46090cc8f2fd
:10fe50000f010e40c3f6e07434432100634400e018
:0cfe600000231360f0bdc04602fcffff51
:020000040000fa
:10fe6c001c2101231b04984201d3000c10391b0ade
:10fe7c00984201d3000a08391b09984201d30009a2
:10fe8c00043902a2105c40187047c04604030202f9
:0cfe9c0001010101000000000000000056
:020000040000fa
:10fea80040f20043c4f2000300221a819a7901212a
:10feb8000a439a719b7803221340022b0bd040f21d
:10fec8000043c4f20003013a9a705202c4f20002dd
:08fed80093790b42fcd0704746
:020000040000fa
:10fee00010b571b10400401841f20002c4f20022c2
:10fef0000121137e0b42fcd02378936201348442ab
:10ff0000f7d141f20002c4f200220221137e0b421b
:06ff1000fcd0012010bd31
:020000040000fa
:10ff160010b5031c40f6fe72904201d940f6fe73fe
:10ff26009ab202b9012398b200f077f94ff20001b4
:10ff3600c4f27f51fff719f943f23331c4f253018a
:06ff4600fef733ff10bdc1
:020000040000fa
:10ff4c0030b50100002043f20025c4f2000543f255
:10ff5c000004c4f200042b6a226a13435b04db0f17
:10ff6c008b4207d1013048f2a163c0f201039842e1
:06ff7c00f1d1002030bdb0
:020000040000fa
:10ff820010b50400812906dc00207f2912dd1368e8
:10ff92000721073305e0002083290bd113687c3940
:10ffa20007338b4319000120083111601a685b681e
:06ffb2002260636010bd37
:020000040000fa
:10ffb80010b50a48016821b9436813b9fff73bfe39
:10ffc80010bd04008368064a9bb20c349b009b5802
:10ffd80042682000984780002018ebe704f20000f0
:04ffe80014040100fc
:020000040000fa
:10ffec000200002030b50a4943005c5c14b95b1870
:10fffc00587830bd116801300d78c0b2a54204d1db
:020000040001f9
:10000c00034801311b18587811600a28ebd9f0e726
:04001c00ea030100f2
:020000040000fa
:020000040001f9
:10002000f4464a1805d200f0a7f801d5c0174008d9
:10003000604701235b05d34206d200f09df801d54d
:100040000120c0074042604701d10042f5d0d017df
:0400500040087047ad
:020000040000fa
:020000040001f9
:10005400000101020304040505050606060606065a
:1000640005050504040302010100fffffefdfcfc7d
:10007400fbfbfbfafafafafafafbfbfbfcfcfdfecb
:02008400ffff7c
:020000040000fa
:020000040001f9
:10008600012212064300da4211d84b00da420ed89a
:1000960002000a43520008d003d281428041013057
:1000a6007047884280410130704701207047002028
:0200b600704791
:020000040000fa
:020000040001f9
:1000b800012212064300da4211d84b00da420ed868
:1000c80002000a43520008d003d28842804101301e
:1000d80070478142804101307047012070470020fd
:0200e80070475f
:020000040000fa
:020000040001f9
:1000ea0070b4012676054c005d00e6420cd8ee425b
:1000fa000ad825430543154303d0994204d19042b7
:0e010a0002d1012070bc7047002070bc70470d
:020000040000fa
:020000040001f9
:10011800012212064300da420fd84b00da420cd80b
:1001280002000a43520008d003d281428041404273
:0e013800704788428041404270470020704767
:020000040000fa
:020000040001f9
:10014600012212064300da420fd84b00da420cd8dd
:1001560002000a43520008d003d28842804140423e
:0e016600704781428041404270470020704740
:020000040000fa
:020000040001f9
:100174004a0010d2520d03231b02ff33d21a0ad4b1
:1001840052421f3209d4400dc90208430123db0740
:0e0194001843d040704700207047d0177047c6
:020000040000fa
:020000040001f9
:1001a4002a2a2a2a2a2a2a292929292928282827b9
:1001b4002726262525242423222221201f1e1d1c18
:0b01c4001b1a1917161412100d090069
:020000040000fa
:020000040001f9
:1001d00070b505690400954200d915005db12a008b
:1001e000606900f021f922696369521b22610022d3
:0801f0005b1963611a7070bd18
:020000040000fa
:020000040001f9
:1001f800edaf16204a62304029bd56b31544e9bf19
:1002080077900d9cfe0b88c07e2615fa838073407c
:080218000fce674b80d541c0f9
:020000040000fa
:020000040001f9
:10022000c20f12029d3201000cd001d5494202d406
:10023000013a4900fcd5d205080a0906494100d314
:0602400001295041704746
:020000040000fa
:020000040001f9
:1002460010b514009f280cd84bb2002b09db0b000d
:100256000200fff73efc200afef7f1fee0b2fef7d1
:04026600eefe10bddb
:020000040000fa
:020000040001f9
:10026a0043059b0e3f3359101f2202401f32c30a17
:10027a001f335b08db0250081843cbb25b011843fb
:02028a007047bb
:020000040000fa
:020000040001f9
:10028c0043f60003c4f200231a7802210a431a70c1
:10029c0043f60002c4f20022138c0b42fcd17047cf
:020000040000fa
:020000040001f9
:1002ac0002000a43520008d0884204d140000121c8
:0e02bc000906c84201d9002070470120704792
:020000040000fa
:020000040001f9
:1002ca009d2201000ad002d4013a4900fcd5d20588
:0e02da00080a0906494100d301295041704726
:020000040000fa
:020000040001f9
:1002e800002310b5934206d103201840421e9041c6
:0e02f8009b08c01810bdc45ccc540133f2e763
:020000040000fa
:020000040001f9
:1003080010b5fdf763fb45f2165246f6b133cbf64e
:0c031800b532c4f20203fef789fc10bdf0
:020000040000fa
:020000040001f9
:1003240040f24133c0f20103004206d5404200b519
:0c033400984708bc0122d207114318476b
:020000040000fa
:020000040001f9
:1003400040f21d42010007d002d4013a0018fcd54a
:0a0350001205c30a40059918704712
:020000040000fa
:020000040001f9
:10035c00e2e2000068e30000f2e20000e6e20000e6
:08036c00eae20000eee20000ed
:020000040000fa
:020000040001f9
:1003740070b5050038b1002440f2e830fff77ef98b
:080384000134a542f8d170bd5f
:020000040000fa
:020000040001f9
:10038c00037833b103005a780133002afbd1181ad1
:08039c0070470020fce7c04699
:020000040000fa
:020000040001f9
:1003a400494e4600696e66004e414e006e616e0015
:0803b400286e696c2900250088
:020000040000fa
:020000040001f9
:1003bc0013b50400019201aafcf7bafd6368db06d1
:0803cc0001d50120404216bddd
:020000040000fa
:020000040001f9
:1003d4000eb403b503aa02ca019200f02df802b0cc
:0603e40008bc03b018473d
:020000040000fa
:020000040001f9
:1003ea0068076c094c836a9074a07ac00080688898
:0603fa0000846c8200810a
:020000040000fa
:020000040001f9
:1004000041f20003c4f200231b7e0122534001206d
:0404100018407047d9
:020000040000fa
:020000040001f9
:10041400b1040100e9020100ff040100ff0401002e
:04042400ff040100d0
:020000040000fa
:020000040001f9
:1004280010b52ab10023cc5cc45401339342fad1ed
:0404380010bdc046ed
:020000040000fa
:020000040001f9
:10043c0010b513000a000249fff770fb10bdc0464f
:04044c00ffffff7f30
:020000040000fa
:020000040001f9
:1004500032b10300c9b21218197001339342fbd1b3
:040460007047c046db
:020000040000fa
:020000040001f9
:1004640003000a7818001a7001310133002af8d108
:040474007047c046c7
:020000040000fa
:020000040001f9
:1004780002b4714649084900095c49008e4402bc2f
:040488007047c046b3
:020000040000fa
:020000040001f9
:10048c0045f20003c4f2001306225a60053a1a72b0
:02049c007047a7
:020000040000fa
:020000040001f9
:10049e00f0b40125ed076b404df6b354c0f20004e5
:0204ae002047e5
:020000040000fa
:020000040001f9
:1004b0008a18914201d10020704700230b7001314e
:0204c000f7e75c
:020000040000fa
:020000040001f9
:1004c40010b5fdf742fe029a039bfdf76dfc10bdcb
:020000040000fa
:020000040001f9
:1004d4000122d20751404ef25353c0f20003184791
:020000040000fa
:020000040001f9
:0e04e4000300413b192b01d820231843704719
:020000040000fa
:020000040001f9
:0c04f20010b50400fff7b5ff200010bd9e
:020000040000fa
:020000040001f9
:0404fe000020704723
:020000040000fa
:020000040001f9
:04050200002070471e
:020000040000fa
:020000040001f9
:04050600002070471a
:020000040000fa
:020000040001f9
:04050a000020704716
:020000040000fa
:020000040001f9
:040510007047c0462a
:020000040000fa
:020000040003f7
:10fe00007fe97fe9c0f758ba000000000000000059
:10fe100000000000000000000000000000000000e2
:020000040000fa
:0200000400807a
:0440000077438fb0c3
:020000040000fa
:0200000400807a
:04400400bbf0ffff0f
:020000040000fa
:0200000400807a
:04400800008430f010
:020000040000fa
:0200000400807a
:04400c0000ffffffb3
:020000040000fa
:0200000400807a
:0440100000000000ac
:020000040000fa
:0200000400807a
:0440140002000000a6
:020000040000fa
:0200000400807a
:0440180000000000a4
:020000040000fa
:0200000400807a
:04401c0000000000a0
:020000040000fa
:0200000400807a
:04402000b67376e815
:020000040000fa
:0200000400807a
:04c00000ffff07f047
:020000040000fa
:0200000400807a
:04c004000000e8ff51
:020000040000fa
:0200000400807a
:04c00800cc9a34c0da
:020000040000fa
:0200000400807a
:04c01000ffffffff30
:020000040000fa
:0200000400807a
:04c01400ffffffff2c
:020000040000fa
:0200000400807a
:04c01800ffffffff28
:020000040000fa
:0200000400807a
:04c01c00ffffffff24
:020000040000fa
:0200000400807a
:04c02000ffffffff20
:020000040000fa
:0200000400807a
:04c02400ffffffff1c
:020000040000fa
:0200000400807a
:04c02800ffffffff18
:020000040000fa
:0200000400807a
:04c02c00ffffffff14
:020000040000fa
:0200000400807a
:04c03000ffffffff10
:020000040000fa
:0200000400807a
:04c03400ffffffff0c
:020000040000fa
:0200000400807a
:04c03800ffffffff08
:020000040000fa
:0200000400807a
:04c03c00ffffffff04
:020000040000fa
:0200000400807a
:04c04000ffffffff00
:020000040000fa
:0200000400807a
:04c04400fffffffffc
:020000040000fa
:0200000400807a
:04c04800fffffffff8
:020000040000fa
:0200000400807a
:04c04c00fffffffff4
:020000040000fa
:0200000400807a
:04c05000fffffffff0
:020000040000fa
:0200000400807a
:04c05400ffffffffec
:020000040000fa
:0200000400807a
:04c05800ffffffffe8
:020000040000fa
:0200000400807a
:04c05c00ffffffffe4
:020000040000fa
:0200000400807a
:04c06000ffffffffe0
:020000040000fa
:0200000400807a
:04c06400ffffffffdc
:020000040000fa
:0200000400807a
:04c06800ffffffffd8
:020000040000fa
:0200000400807a
:04c06c00ffffffffd4
:020000040000fa
:0200000400807a
:04c07000ffffffffd0
:020000040000fa
:0200000400807a
:04c07400ffffffffcc
:020000040000fa
:0200000400807a
:04c07800ffffffffc8
:020000040000fa
:0200000400807a
:04c07c00ffffffffc4
:020000040000fa
:0200000400807a
:04c08000ffffffffc0
:020000040000fa
:0200000400807a
:04c08400ffffffffbc
:020000040000fa
:0200000400807a
:04c08800ffffffffb8
:020000040000fa
:0200000400807a
:04c08c00ffffffffb4
:020000040000fa
:0200000400807a
:04c0e000ffffffff60
:020000040000fa
:0200000400807a
:04c0e400ffffffff5c
:020000040000fa
:0200000400807a
:04c0e800ffffffff58
:020000040000fa
:0200000400807a
:04c0ec00ffffffff54
:020000040000fa
:0200000400807a
:04c0f000ffffffff50
:020000040000fa
:0200000400807a
:04c0f400ffffffff4c
:020000040000fa
:0200000400807a
:04c0f800ffffffff48
:020000040000fa
:0200000400807a
:04c0fc00ffffffff44
:00000001FF
